BOOK,PAGE,STARSHIP,CL,Ship CL,Size,Class,HP,DR,SR, Threshold,STR,DEX,INT,Armor,RefDef,FortDef,Attack,Grapple,Skills,Friendly?, Pilot (Init),Speed (C),Speed (S),  Max Velocity,Crew, C. Quality, Passeng., Astromech, Cargo (tons), Consumables, Hyperdrive,Backup Hyperdrive, Availability, Cost (new), Cost (used),MANUFACTURER,Laser,Spec.,Turbolaser,Spec.,Autoblaster,Spec.,Blaster,Spec.,Ion,Spec.,Superlaser,Spec.,Volcano,Spec.,Missiles,Torpedo,Mine,Tractor,Spec?,Weaponry
D3,40,12th Squadron TIE/ln Fighter,5,5,H,Sf,60,10,,32,34,18,14,3,15,22,4,22,5,7,7,16,5,1200,1,N,0,,0.065,1d,-,-,M,"60,000","25,000",Sienar Fleet Systems,,,,,,,,,,,,,,,,,,,,
K,98,578-R Space Transport,6,6,C,ST,100,15,,74,39,10,12,12,12,24,3,34,5,6,-5,12,3,800,2,N,10,,40,4ms,x3,-,L,"75,000","28,000",Amalgamated Hyperdyne,1,,,,,,,,,,,,,,,,,,,
GI,68,"A-24 Sleuth, Modified",10,9,G,Sf,110,10,15,45,40,18,16,7,16,25,7,32,6,9,5,16,4,1000,1,S,1,Y,0.003,3ms,x1,x10,M,,,Incom,,,,,,,,,,,,,,,,,,,,
L,217,A519 Invader Close Support Starfighter,8,7,H,Sf,80,10,20,33,36,18,14,3,15,23,6,25,6,8,8,16,6,1450,1,S,0,,0.075,6d,x2,-,L,"125,000","70,000",Kuat Drive Yards,2,,,,,,,,,,,,,,,,,,,
F,204,A-7 Hunter Interceptor,6,5,H,Sf,60,10,,32,34,18,14,4,16,22,6,24,6,8,8,16,5,1200,1,S,0,,0.055,1d,-,-,M,"80,000","45,000",Kuat Drive Yards,1,,,,,,,,,,,,,,,,,,,"Laser Cannon, Turbolaser, Autoblaster, Blaster Cannon, Ion Cannon, Superlaser, Volcano Cannons"
S,57,Acclamator II-class Assault Ship,18,17,CC,CS,960,20,120,248,86,14,16,12,14,48,7,70,6,9,-2,12,4,1200,20141,S,3200,,10000,2ys,x.75,-,M,,,Rothana Heavy Engineering,,,,,,,,,,,,,,,,,,,,"Conclussion Missiles, Microtractor-pressor, Proton Torpedoes, Tractor Beam"
S,56,Acclamator-class Assault Ship,18,17,CC,CS,960,20,120,248,86,14,16,12,14,48,7,70,6,9,-2,12,4,1200,20141,S,16000,,11250,2ys,x.75,-,M,,,Rothana Heavy Engineering,,,,,,,,,,,,,,,,,,,,"Light, Medium, Heavy"
S,58,Action VI Transport,7,7,CF,CS,600,15,,136,62,10,12,12,12,36,3,51,5,6,-5,12,1,650,8,N,0,,90000,3ms,x3,-,L,"1,000,000","500,000",Corellian Engineering Corporation,,,,,,,,,,,,,,,,,,,,Battery
R,146,"AEG-77 ""Vigo""",10,9,C,ST,120,15,20,76,42,14,14,12,14,26,6,38,6,8,-2,12,3,800,8,S,6,,25,6ms,x4,-,L,"200,000","75,000",Xizor Transport Systems,,,,,,,,,,,,,,,,,,,,"Double, Triple, Quad"
R,146,"AEG-77 ""Vigo"" Transport",10,9,C,ST,120,15,20,76,42,14,14,12,14,26,6,38,6,8,-2,12,3,800,8,S,6,,100,1m,x3,x15,L,"200,000","75,000",Xizor Transport Systems,,,,,,,,,,,,,,,,,,,,"Advanced, Assault, Enhanced, Fire-Linked, Point-Defense"
W,135,"Alpha-class XG-1 ""Star Wing""",10,9,G,Sf,130,10,30,46,43,18,16,7,16,26,7,33,6,9,5,16,4,1050,1,S,0,,0.1,3d,x1,x10,M,"125,000","125,000",Cygnus Spaceworks,,,,,,,,,,,,,,,,,,,,
CR,180,ARC-170 Starfighter,11,9,G,Sf,150,10,25,48,46,18,14,8,17,28,9,38,8,10,7,16,4,1050,3,E,0,Y,0.11,1w,x1.5,-,M,"155,000","70,000",Incom,,,,,,,,,,,,,,,,,,,,
S,61,ARC-170 Starfighter,11,9,G,Sf,150,10,25,48,46,18,14,8,17,28,9,38,8,10,7,16,4,1050,3,E,0,Y,0.11,1w,x1.5,-,M,"155,000","70,000",Incom,,,,,,,,,,,,,,,,,,,,
L,189,Ardent-class Fast Frigate,19,18,CF,CS,1200,15,160,138,66,18,20,14,18,38,9,55,6,11,0,,4,,1400,S,200,,5000,1y,x1,x12,M,,,Kuat Drive Yards,,,,,,,,,,,,,,,,,,,,
W,244,Arkanian Legacy,15,14,CC,CS,1500,20,100,250,90,14,16,14,16,50,7,72,6,9,-2,,2,,5000,S,100000,,10000,2ys,x2,x8,U,,,The Adasca BioMechanical Corporation of Arkania,,,,,,,,,,,,,,,,,,,,
S,128,Armored Star Courier (Modified),16,12,C,Sf,90,15,30,74,38,20,16,11,16,24,15,44,12,15,7,16,4,1180,1,A,6,,25,1m,x1.5,x12,M,,,Republic Sienar,,,,,,,,,,,,,,,,,,,,
R,130,Assassin-class Corvette,16,15,CF,CS,880,15,120,138,66,14,18,12,14,38,8,55,6,10,-2,12,3,950,60-150,S,60,,2100,1y,x2,x8,M,,,Corellian Engineering Corporation,,,,,,,,,,,,,,,,,,,,
R,131,Assault Gunboat,12,11,G,Sf,145,10,15,49,48,18,16,7,16,29,7,36,6,9,5,16,4,1050,1,S,0,,0.1,3d,x12,-,M,"125,000","75,000",Cygnus Spaceworks,,,,,,,,,,,,,,,,,,,,
K,180,Aurek Tactical Strikefighter,11,10,H,Sf,110,5,15,36,43,25,14,4,19,26,6,28,6,8,11,16,5,1400,1,S,0,,0.02,1w,x2,-,M,"360,000",,Republic Fleet Systems,,,,,,,,,,,,,,,,,,,,
S,63,A-Wing,9,8,H,Sf,80,10,15,33,36,26,16,3,19,23,7,25,6,9,12,16,6,1300,1,S,0,,0.04,1w,x1,-,M,"175,000","70,000",Alliance Underground,,,,,,,,,,,,,,,,,,,,
S,63,A-Wing (early),9,8,H,Sf,80,10,15,33,36,26,16,3,19,23,7,25,6,9,12,16,6,1300,1,S,0,,0.04,1w,x1,-,M,"175,000","70,000",Alliance Underground,,,,,,,,,,,,,,,,,,,,
C,138,Azure Angel,12,8,H,Sf,71,10,15,32,34,28,14,3,20,22,14,32,12,14,19,18,6,1260,1,A,0,Y,0,1w,x1,-,U,,,Kuat Systems Engineering,,,,,,,,,,,,,,,,,,,,
W,130,Baas-class Space Station,7,7,CC,SS,900,20,200,248,86,0,20,11,6,48,7,68,5,10,-10,0,0,0,250,N,150,,1000000,2ys,-,-,M,,,Durastar Construction,,,,,,,,,,,,,,,,,,,,
D1,11,"Banshee, The",6,6,C,ST,60,15,15,72,34,14,14,11,13,22,4,32,0,2,-8,12,5,,,*,,,35,1m,x2,x7,U,,,Mendel Baudo,,,,,,,,,,,,,,,,,,,,
C,75,Barloz-class Freighter,7,7,C,ST,180,15,15,80,50,14,12,13,15,30,3,40,5,6,-3,12,3,850,2,N,4,,85,2ms,x2,x12,L,"120,000","17,500",Corellian Engineering Corporation,,,,,,,,,,,,,,,,,,,,
K,143,Baronial-class Yacht,6,5,C,ST,115,15,10,75,41,14,16,12,14,25,7,37,6,9,-2,12,3,900,1,S,4,,30,1m,x3,-,Re,"200,000","120,000",Eleaor Propulsion,,,,,,,,,,,,,,,,,,,,
S,65,Baudo-class Star Yacht,6,6,C,ST,60,15,15,72,34,14,14,11,13,22,4,32,5,7,-3,12,5,1200,1,N,8,,35,1m,x2,x7,L,"400,000","250,000",Mendel Baudo,,,,,,,,,,,,,,,,,,,,
L,141,BB-2 Starfire Fighter-Bomber,13,12,G,Sf,170,10,30,49,48,20,18,8,18,29,8,36,6,10,6,16,5,1200,3,S,0,,0.09,1w,x1,-,M,"200,000","90,000",SoroSuub Corporation,,,,,,,,,,,,,,,,,,,,
C,203,BC-714 Luxury Transport,5,5,C,ST,135,15,45,77,44,10,18,12,12,27,6,37,5,9,-5,16,2,1800,17,N,30,,80,6ms,x1,x6,Re,"1,700,000","980,000",Techno Union,,,,,,,,,,,,,,,,,,,,
C,204,Belbullab-22 Heavy Starfighter,13,12,G,Sf,160,10,25,48,47,14,14,10,17,28,6,35,6,8,3,16,4,1100,1,S,0,,0.14,1w,x6,x15,M,"168,000","125,000",Feethan Ottraw Scalable Assemblies,,,,,,,,,,,,,,,,,,,,
C,204,Belbullab-23 Heavy Starfighter,13,12,G,Sf,160,10,25,48,47,14,14,10,17,28,6,35,6,8,3,16,4,1100,1,S,0,,0.14,1w,x6,x15,M,"168,000","125,000",Feethan Ottraw Scalable Assemblies,,,,,,,,,,,,,,,,,,,,
C,204,Belbullab-24 Heavy Starfighter,13,12,G,Sf,160,10,25,48,47,14,14,10,17,28,6,35,6,8,3,16,4,1100,1,S,0,,0.14,1w,x6,x15,M,"168,000","125,000",Feethan Ottraw Scalable Assemblies,,,,,,,,,,,,,,,,,,,,
L,82,Besh-Type Personal Starfighter,8,7,G,Sf,180,10,20,50,50,16,18,8,16,30,8,37,6,10,4,12,3,970,1,S,0,,0.06,1w,x2,-,Re,"105,000","65,000",Slayn & Korpil,,,,,,,,,,,,,,,,,,,,
D4,23,"Blood Brother, The",8,7,CF,ST,960,15,100,139,69,18,14,14,18,39,6,56,6,8,0,,3,,,S,,,1000,6ms,x2,-,U,,,Corellian Engineering Corporation,,,,,,,,,,,,,,,,,,,,
D5,21,"Bloody Credit, The",8,8,C,ST,130,15,45,81,53,10,12,14,14,31,3,41,5,6,-5,12,2,,,N,,,19,6ms,x4,-,U,,,"Gallofree Yards, Inc",,,,,,,,,,,,,,,,,,,,
F,209,Broad-side Heavy Cruiser,16,15,CC,CS,1500,20,120,251,92,10,19,12,12,51,8,73,6,10,-4,,2,,1255,S,1200,,6000,2ys,x1,x8,M,"34,000,000",,Kuat Drive Yards,,,,,,,,,,,,,,,,,,,,
S,66,B-Wing,10,9,G,Sf,90,10,30,44,38,15,18,6,13,24,8,31,6,10,3,12,3,950,1,S,0,,0.045,1w,x2,-,Re,"220,000","120,000",Slayn & Korpil,,,,,,,,,,,,,,,,,,,,
S,67,"B-Wing, Shuttle",10,9,G,Sf,90,10,20,44,38,15,14,6,13,24,6,31,6,8,3,12,3,950,1,S,2,,0.045,1w,x2,-,Re,"220,000","120,000",Slayn & Korpil,,,,,,,,,,,,,,,,,,,,
S,67,B-Wing/E2,12,11,G,Sf,150,10,50,48,46,15,18,8,15,28,8,35,6,10,3,12,3,950,2,S,0,,0.05,1w,x2,-,Re,"250,000","135,000",Slayn & Korpil,,,,,,,,,,,,,,,,,,,,
DX,10,Byss Defense Fleet TIE Fighter,16,16,M,Sf,60,10,,22,34,20,14,16,31,22,4,12,0,2,5,16,5,1200,1,*,0,,0.065,2d,-,-,U,,,,,,,,,,,,,,,,,,,,,,,
C,205,C-9979 Landing Craft,10,10,CF,ST,600,15,60,134,58,10,16,11,11,34,5,49,5,8,-5,12,1,590,88,N,124,,1800,1d,-,-,M,"200,000","75,000",Haor Chall,,,,,,,,,,,,,,,,,,,,
W,124,Cardan I-class Space Station,8,7,CS,SS,600,20,150,558,106,0,22,11,6,58,10,85,6,12,-9,0,0,,1200,S,300,,15000,2ys,-,-,M,,,Kuat Drive Yards,,,,,,,,,,,,,,,,,,,,
W,124,Cardan II-class Space Station,12,11,CS,SS,1200,20,175,562,114,0,22,12,7,62,10,89,6,12,-9,0,0,,2400,S,600,,30000,2ys,-,-,M,,,Kuat Drive Yards,,,,,,,,,,,,,,,,,,,,
W,125,Cardan III-class Space Station,20,19,CS,SS,1800,20,200,566,122,0,24,13,8,66,11,93,6,13,-9,0,0,,4800,S,1200,,15000,2ys,-,-,M,,,Kuat Drive Yards,,,,,,,,,,,,,,,,,,,,
S,68,Carrack-class Light Cruiser,18,17,CF,CS,1000,15,130,140,70,18,16,13,17,40,7,57,6,9,0,,4,,1092,S,142,,3500,1y,x1,x12,M,,,Damorian Manufacturing Corporation,,,,,,,,,,,,,,,,,,,,
K,162,Centurion-class Battlecruiser,20,19,CC,CS,1950,20,140,255,100,16,20,14,17,55,9,77,6,11,-1,,3,,31452,S,7400,,32000,5ys,x2,x8,M,,,X,,,,,,,,,,,,,,,,,,,,
L,142,CF9 Crossfire Starfighter,12,11,G,Sf,150,10,30,48,46,26,16,8,21,28,7,35,6,9,9,16,4,1200,1,S,1,,0.07,1w,x1,-,M,,,Incom,,,,,,,,,,,,,,,,,,,,
C,170,Charger c70 Retrofit,16,15,CF,CS,960,15,120,136,62,18,13,14,18,36,5,53,6,7,0,,3,,8,S,20,,6000,6ms,x1.5,-,M,"1,650,000","700,000",Corellian Engineering Corporation,,,,,,,,,,,,,,,,,,,,
S,69,Chiss Nssis-class Clawcraft,10,8,H,Sf,90,10,25,34,38,26,18,4,20,24,11,29,8,12,14,16,5,1000,1,E,0,,0.025,1w,x1.5,-,M,,,Unknown,,,,,,,,,,,,,,,,,,,,
J,151,Chu'unthor,15,14,CS,CS,2800,20,300,595,180,10,22,18,18,95,10,122,6,12,-4,,1,,4000,S,10000,,40,5ys,x2,x18,U,,,Republic Fleet Systems,,,,,,,,,,,,,,,,,,,,
C,205,CIS-Advanced Starfighter,9,8,H,Sf,90,10,25,34,38,16,16,4,15,24,7,26,6,9,7,16,5,1300,1,S,0,,0.19,2d,x6,-,M,,,Confederacy of Independent Systems,,,,,,,,,,,,,,,,,,,,
D8,36,"Citadel Cruiser, Modified",12,8,C,ST,156,15,40,76,42,12,12,14,15,26,13,46,12,13,3,12,3,830,3,A,24,,25,6ms,x2,-,L,"346,000",,Koensayr,,,,,,,,,,,,,,,,,,,,
S,70,"Citadel-class Cruiser, ILH-KK",7,7,C,ST,120,15,30,76,42,12,12,14,15,26,3,36,5,6,-4,12,3,830,3,N,14,,50,6ms,x2,-,L,"205,000","120,000",Koensayr,,,,,,,,,,,,,,,,,,,,
S,88,"Class 720 Freighter, Ghtroc",6,6,C,ST,110,15,15,75,40,14,13,12,14,25,3,35,5,6,-3,12,2,750,2,N,10,,135,1m,x2,x15,L,"98,500","23,000",Ghtroc,,,,,,,,,,,,,,,,,,,,
S,71,Cloakshape Fighter,7,7,G,Sf,140,10,,47,44,15,14,7,14,27,4,32,5,7,2,15,4,950,1,N,0,,0.04,1d,-,-,Re,"60,000","15,000",Kuat Systems Engineering,,,,,,,,,,,,,,,,,,,,
D8,32,Cloakshape Fighter modified,7,3,G,Sf,140,10,,47,44,17,14,7,15,27,14,42,12,14,10,15,4,950,1,A,0,Y,0.04,1d,x3,-,Re,"60,000","15,000",Kuat Systems Engineering,,,,,,,,,,,,,,,,,,,,
S,71,Cloakshape Fighter modified,7,7,G,Sf,140,10,,47,44,17,14,7,15,27,4,32,5,7,3,15,4,950,1,N,0,Y,0.04,1d,x3,-,Re,"60,000","15,000",Kuat Systems Engineering,,,,,,,,,,,,,,,,,,,,
SV,67,Clutch Fighter,8,7,H,Sf,50,10,15,34,38,26,16,3,19,24,7,26,6,9,12,16,4,900,1,S,0,,0.025,1w,-,-,M,,"45,000",Ugly,,,,,,,,,,,,,,,,,,,,
K,181,Conductor-class Short-Haul Landing Craft,7,6,C,ST,120,15,,76,42,11,13,12,12,26,5,38,6,7,-4,12,2,500,1,S,5,,80,2w,x3,-,Re,"250,000","100,000",Republic Fleet Systems,,,,,,,,,,,,,,,,,,,,
SV,62,Conqueror-class Assault Ship,11,9,C,ST,120,15,30,76,42,18,16,12,16,26,10,41,8,11,2,16,5,1000,3,E,1,,25,1m,x1,x10,Re,"100,500","46,000",Surronian,,,,,,,,,,,,,,,,,,,,
S,126,Consular-class Cruiser,8,7,CF,ST,960,15,100,139,69,18,14,14,18,39,6,56,6,8,0,,3,,8,S,16,,1000,6ms,x2,-,L,"1,250,000","400,000",Corellian Engineering Corporation,,,,,,,,,,,,,,,,,,,,
S,73,Coralskipper,12,10,G,Sf,100,10,25,44,39,22,18,7,18,24,11,34,8,12,9,8,4,400,1,E,0,,13,1d,-,-,M,,,Yuuzhan Vong,,,,,,,,,,,,,,,,,,,,
S,75,"Corellian Corvette, CR70",8,8,CF,CS,800,15,90,138,66,18,18,12,16,38,6,53,5,9,-1,12,3,950,18-150,N,600,,5000,1y,x2,-,L,"2,900,000","1,000,000",Corellian Engineering Corporation,,,,,,,,,,,,,,,,,,,,
CR,183,"Corellian Corvette, CR90",16,15,CF,CS,800,15,100,138,66,18,18,12,16,38,8,55,6,10,0,12,3,,30-165,S,600,,3000,1y,x2,-,L,"3,500,000","1,500,000",Corellian Engineering Corporation,,,,,,,,,,,,,,,,,,,,
S,74,"Corellian Corvette, CR90",16,15,CF,CS,800,15,100,138,66,18,18,12,16,38,8,55,6,10,0,12,3,,30-165,S,600,,3000,1y,x2,-,L,"3,500,000","1,500,000",Corellian Engineering Corporation,,,,,,,,,,,,,,,,,,,,
S,92,Corellian Gunship,17,16,CF,CS,920,15,115,139,68,19,16,12,16,39,7,56,6,9,0,12,3,1000,91,S,0,,300,8ms,x1,x12,Re,"4,800,000","2,400,000",Corellian Engineering Corporation,,,,,,,,,,,,,,,,,,,,
GW,66,Corona-class Armed Frigate,17,16,CF,CS,750,15,60,135,60,18,14,11,15,35,6,52,6,8,0,,3,,64,S,200,,450,1y,x1,-,Re,"3,700,000","2,000,000",Haor Chall,,,,,,,,,,,,,,,,,,,,
C,166,CR-20 Troop Carrier,13,11,C,ST,300,15,25,88,66,12,16,10,11,38,10,53,8,11,-1,12,3,850,6,E,40,,15,2w,x3,x12,Re,"680,000","265,000",Corellian Engineering Corporation,,,,,,,,,,,,,,,,,,,,
L,200,"Crimson Axe, The",17,15,CF,CS,790,15,100,135,60,16,14,11,14,35,9,55,8,10,1,,3,,550,E,150,,3000,1y,x2,x12,U,,,X,,,,,,,,,,,,,,,,,,,,
L,145,Crix-class Assault Shuttle,15,14,C,ST,200,15,50,81,52,18,16,16,20,31,7,43,6,9,0,12,4,850,5,S,50,,50,1m,x1,x10,M,"600,000","260,000",Corellian Engineering Corporation,,,,,,,,,,,,,,,,,,,,
L,145,Crix-class Diplomatic Courier Shuttle,13,12,C,ST,200,15,25,81,52,18,16,14,18,31,7,43,6,9,0,12,4,850,5,S,30,,50,2ms,x1,x10,M,"500,000","200,000",Corellian Engineering Corporation,,,,,,,,,,,,,,,,,,,,
W,137,Crusader-class Corvette,16,15,CF,CS,950,15,120,136,62,18,18,12,16,36,8,53,6,10,0,,4,,80,S,0,,3600,1y,x1,x12,Re,"5,200,000","2,600,000",Mandal Hypernautics,,,,,,,,,,,,,,,,,,,,
S,132,Cutlass-9 Patrol Fighter,5,5,G,Sf,80,10,10,46,42,14,14,6,13,26,4,31,5,7,2,12,4,800,1,N,0,,0.11,2w,x2,-,L,"140,000","65,000",SoroSuub Corporation,,,,,,,,,,,,,,,,,,,,
SV,66,"C-Wing, Ugly",8,8,G,Sf,100,10,30,43,36,13,16,7,13,23,5,28,5,8,1,8,2,650,2,N,2,,0.45,2w,x2,-,Re,"110,000",,Ugly,,,,,,,,,,,,,,,,,,,,
K,220,CX-133 Chaos Fighter,7,6,H,Sf,60,10,,33,36,18,14,3,15,23,6,25,6,8,8,16,4,1100,1,S,0,,0.04,2d,-,-,M,"65,000",,Koros Spaceworks,,,,,,,,,,,,,,,,,,,,
C,81,Dagger-class Starfighter,6,6,G,Sf,60,10,,42,34,18,10,6,15,22,2,27,5,5,4,16,4,1000,1,N,0,,0.055,1w,x2,-,Re,"35,000","8,000",Republic Sienar,,,,,,,,,,,,,,,,,,,,
UR,133,Dartship,9,8,H,Sf,100,10,,34,39,20,14,4,17,24,6,26,6,8,9,16,5,1200,1,S,0,,0.07,2d,,,,,,Kilik,,,,,,,,,,,,,,,,,,,,
K,204,Davaab-type starfighter,8,7,H,Sf,100,5,25,34,39,20,15,4,17,24,6,26,6,8,9,16,5,1100,1,S,0,,0.04,1w,x2,-,Re,"150,000","80,000",Neo-Crusader War Forge,,,,,,,,,,,,,,,,,,,,
UR,51,Deep-X Explorer,5,5,G,St,60,10,,42,34,18,16,6,15,22,5,27,5,8,4,12,3,1000,3,N,3,,50,6ms,x1,x8,L,"135,000","55,000",Uulshos Manufacturing,,,,,,,,,,,,,,,,,,,,
S,60,Delta- 7 Aethersprite Interceptor,10,8,H,Sf,65,10,15,32,34,24,14,3,18,22,9,27,8,10,13,16,5,1150,1,E,0,Y,0,1w,x1,-,M,"180,000","145,000",Kuat Systems Engineering,,,,,,,,,,,,,,,,,,,,
C,137,"Delta- 7 Aethersprite, High-Maneuver variant",10,8,H,Sf,65,10,15,32,34,30,14,3,21,22,9,27,8,10,16,16,5,1150,1,E,0,Y,0,1w,x1,-,M,"210,000","160,000",Kuat Systems Engineering,,,,,,,,,,,,,,,,,,,,
C,137,"Delta- 7 Aethersprite, High-Speed variant",10,8,H,Sf,65,10,15,32,34,24,14,3,18,22,9,27,8,10,13,18,6,1260,1,E,0,Y,0,1w,x1,-,M,"385,000","290,000",Kuat Systems Engineering,,,,,,,,,,,,,,,,,,,,
K,163,Derriphan-class Battleship,14,13,CF,CS,840,30,,135,61,10,13,13,13,35,5,52,6,7,-4,,2,,25,S,850,,5000,1y,x4,x12,M,,,Sith Empire,,,,,,,,,,,,,,,,,,,,
C,206,Diamond-class Cruiser,13,13,CF,ST,840,15,50,135,61,12,17,12,13,35,5,50,5,8,-4,12,1,1450,148,N,45,,1380,3ms,x.75,x4,M,"5,000,000","2,125,000",Commerce Guild,,,,,,,,,,,,,,,,,,,,
C,82,Dianoga-class Assault Starfighter,7,7,G,Sf,80,10,15,43,36,14,11,6,13,23,2,28,5,5,2,12,3,950,1,N,0,,0.09,3d,x2,-,Re,"45,000","12,000",Koensayr,,,,,,,,,,,,,,,,,,,,
S,62,"Dreadnaught, Archaic",12,11,CC,CS,1680,20,115,253,96,10,16,13,13,53,7,75,6,9,-4,,1,,16210,S,3000,,9000,2ys,x2,x18,M,"17,777,500",,Rendili StarDrive,,,,,,,,,,,,,,,,,,,,
S,76,Dreadnaught-class Heavy Cruiser,18,17,CC,CS,1680,20,115,253,96,10,16,13,13,53,7,75,6,9,-4,,1,,16210,S,3000,,9000,2ys,x2,x18,M,"35,555,000",,Rendili StarDrive,,,,,,,,,,,,,,,,,,,,
UR,52,Drexl-class Starfighter,10,9,G,St,150,10,10,48,46,20,14,8,18,28,6,35,6,8,6,16,4,1050,2,S,0,Y,0.07,2d,,,M,"165,000","100,000",SoroSuub,,,,,,,,,,,,,,,,,,,,
C,207,Droch-class Boarding Ship,7,6,H,Sf,60,5,,32,34,12,14,3,12,22,6,24,6,8,5,12,3,850,1,S,6,,0.03,1d,-,-,Re,"43,000",,Colicoid Creation Nest,,,,,,,,,,,,,,,,,,,,
CR,181,Droid Tri-Fighter,9,7,H,Sf,100,10,,34,38,18,14,4,16,24,9,29,8,10,10,16,4,1050,0,E,0,,0,2d,-,-,Re,"40,000",,Phlac-Arphocc Automata,,,,,,,,,,,,,,,,,,,,
S,79,Droid Tri-Fighter,9,7,H,Sf,100,10,,34,38,18,14,4,16,24,9,29,8,10,10,16,4,1050,0,E,0,,0,2d,-,-,Re,"40,000",,Phlac-Arphocc Automata,,,,,,,,,,,,,,,,,,,,
GW,63,Drop Pod,2,2,G,AV,60,10,,42,34,10,12,6,11,22,3,27,5,6,0,12,3,600,0,N,0,,2,-,-,-,L,"17,000",,X,,,,,,,,,,,,,,,,,,,,
R,63,"Dunelizard Fighter, G1-M4-C ",8,8,G,Sf,140,10,25,47,44,18,14,8,17,27,4,32,5,7,4,15,4,950,1,N,1,Y,0.11,2w,x2,-,Re,"115,000","55,000",MandalMotors,,,,,,,,,,,,,,,,,,,,
R,63,"Dunelizard Fighter, Type II",8,8,G,Sf,140,10,25,47,44,18,14,8,17,27,4,32,5,7,4,15,4,950,1,N,1,Y,0.11,2w,x2,-,Re,"115,000","55,000",MandalMotors,,,,,,,,,,,,,,,,,,,,
S,80,Dynamic-class Freighter,6,6,C,ST,110,15,,75,40,10,16,12,12,25,5,35,5,8,-5,12,2,800,2,N,6,,60,2ms,x3,-,L,"80,000","30,000",Core Galaxy Systems,,,,,,,,,,,,,,,,,,,,
W,128,E-9 Explorer,7,7,C,ST,150,15,45,74,38,14,18,13,15,24,6,34,5,9,-3,12,4,950,4,N,4,,30,2ys,x1,x12,L,"325,000","200,000",Loronar Corporation,,,,,,,,,,,,,,,,,,,,
K,220,"Ebon Hawk, The",8,7,C,ST,140,15,40,77,44,16,16,12,15,27,7,39,6,9,-1,16,4,1100,3,S,8,,40,2ms,x1,-,U,"154,000",,Core Galaxy Systems,,,,,,,,,,,,,,,,,,,,
S,139,Eclipse,50,49,CS,SS,6000,20,500,682,354,10,20,20,20,182,9,209,6,11,-4,,1,,712645,S,150000,,600000,10ys,x2,x6,U,,,Kuat Drive Yards,,,,,,,,,,,,,,,,,,Y,,
S,119,Endurance-class fleet carrier,26,24,CC,CS,2100,20,250,256,102,16,22,16,19,56,13,81,8,14,1,,3,,7039,E,1600,,15000,5ms,x1,x10,M,,,Republic Engineering Corporation,,,,,,,,,,,,,,,,,,,,
SV,127,Errant Venture,19,17,CC,CS,2000,20,120,256,103,14,18,16,18,56,11,81,8,12,0,,3,,12000,E,30000,,50000,3ys,x4,-,U,,,Kuat Drive Yards,,,,,,,,,,,,,,,,,,,,
S,50,Escape Pod,1,2,H,Sf,40,10,,30,31,10,10,2,10,20,-3,15,0,0,-2,8,1,250,0,U,8,,0,1d,-,-,C,"1,200",,Corellian Engineering Corporation,,,,,,,,,,,,,,,,,,,,
F,207,Escort Carrier,14,13,CF,CS,660,15,30,134,58,14,16,11,13,34,7,51,6,9,-2,,2,,3505,S,800,,5000,1y,x1,x8,M,"3,500,000",,Cygnus Spaceworks,,,,,,,,,,,,,,,,,,,,
CR,180,Eta-2 Interceptor,11,7,H,Sf,70,10,,32,34,26,14,3,19,22,14,32,12,14,18,16,6,1500,1,A,0,Y,0.06,1w,x1,-,M,"140,000",,Kuat Systems Engineering,,,,,,,,,,,,,,,,,,,,
S,82,Eta-2 Interceptor,11,7,H,Sf,70,10,,32,34,26,14,3,19,22,14,32,12,14,18,16,6,1500,1,A,0,Y,0.06,1w,x1,-,M,"290,000","140,000",Kuat Systems Engineering,,,,,,,,,,,,,,,,,,,,
S,82,"Eta-2 Interceptor, modified",11,7,H,Sf,70,10,,32,34,26,14,3,19,22,14,32,12,14,18,16,6,1500,1,A,0,Y,0.06,1w,x1,-,M,"290,000","140,000",Kuat Systems Engineering,,,,,,,,,,,,,,,,,,,,
C,139,"Eta-2, Heavy-Defense variant",11,7,H,Sf,77,10,15,32,34,26,14,4,20,22,14,32,12,14,18,16,6,1500,1,A,0,Y,0.06,1w,x1,-,M,"310,000","230,000",Kuat Systems Engineering,,,,,,,,,,,,,,,,,,,,
C,139,"Eta-2, High-Maneuver variant",11,7,H,Sf,70,10,,32,34,32,14,3,22,22,14,32,12,14,21,16,6,1500,1,A,0,Y,0.06,1w,x1,-,M,"320,000","240,000",Kuat Systems Engineering,,,,,,,,,,,,,,,,,,,,
S,83,"E-wing, Type B",12,10,G,Sf,150,10,15,48,46,23,17,8,19,28,10,38,8,11,9,16,6,1300,1,E,0,Y,0.11,1w,x2,-,M/R/L,"200,000","80,000",FreiTek Inc,,,,,,,,,,,,,,,,,,,,
GI,69,Ferret-class Reconnaissance Vessel,12,10,G,Sf,120,10,,46,42,16,18,7,15,26,11,36,8,12,6,16,4,1050,3,E,,,0.002,3ms,x1,x8,M,"890,000",,Republic Engineering Corporation,,,,,,,,,,,,,,,,,,,,
S,84,Firespray-31 Patrol Craft,9,8,C,ST,150,15,30,78,46,14,14,13,15,28,6,40,6,8,-2,12,3,850,1,S,6,,70,1m,x3,x15,L,"120,000",,Kuat Systems Engineering,,,,,,,,,,,,,,,,,,,,
K,183,Foray-class Blockade Runner,15,14,CF,CS,750,15,80,135,60,18,17,11,15,35,7,52,6,9,0,,3,,40-100,S,300,,2800,9ms,x2,-,M,"3,000,000",,Republic Fleet Systems,,,,,,,,,,,,,,,,,,,,
C,82,Freefall-class Starfighter,8,8,C,Sf,120,15,20,76,42,16,12,12,15,26,3,36,5,6,-2,16,4,1000,4,N,10,,20,4w,x2,x10,Re,"70,000","18,000","Nubia Star Drives, Incorporated",,,,,,,,,,,,,,,,,,,,
L,185,Fury-class Starfighter,12,8,G,Sf,180,15,30,50,50,18,18,13,22,30,16,45,12,16,11,16,6,1320,1,A,0,,0.15,2ms,x.75,-,M,,,SoroSuub Corporation,,,,,,,,,,,,,,,,,,,,
C,76,G9 Rigger,6,6,C,ST,100,15,,74,39,10,12,11,11,24,3,34,5,6,-5,12,2,700,2,N,6,,70,1m,x3,-,L,"85,000","45,000",Corellian Engineering Corporation,,,,,,,,,,,,,,,,,,,,
S,95,Gamma-class Assault Shuttle,15,14,C,ST,360,15,230,92,74,18,18,13,17,42,8,54,6,10,0,16,4,1050,5,S,40,,5,1w,x2,x18,M,"850,000","340,000",Telgorn Corporation,,,,,,,,,,,,,,,,,,,,
DX,11,"GAT-12h, Skipray Blastboat",15,14,C,ST,230,15,100,83,56,16,16,14,17,33,7,45,6,9,-1,16,4,1200,4,S,0,,20,1m,x2,-,M/R/L,"624,000","250,000",Sienar Fleet Systems,,,,,,,,,,,,,,,,,,,,
S,131,"GAT-12h, Skipray Blastboat",15,14,C,ST,230,15,100,83,56,16,16,14,17,33,7,45,6,9,-1,16,4,1200,4,S,0,,20,1m,x2,-,M/R/L,"624,000","250,000",Sienar Fleet Systems,,,,,,,,,,,,,,,,,,,,
S,87,Ginivex-class Starfighter,10,8,H,Sf,80,10,30,33,36,24,18,3,18,23,11,28,8,12,13,16,5,1250,1,E,0,,0.05,1w,x1,-,M,,,Huppla Pasa Tisc Shipwrights Collective,,,,,,,,,,,,,,,,,,,,
F,208,Gladiator-class Star Destroyer,16,15,CC,CS,1500,20,120,251,92,14,19,13,15,51,8,73,6,10,-2,,2,,1255,S,1200,,6000,2ys,x1,x8,M,"34,000,000",,Kuat Drive Yards,,,,,,,,,,,,,,,,,,,,
L,86,Gladius-class Light Freighter,9,8,C,ST,140,10,30,77,44,18,16,12,16,27,7,39,6,9,0,12,3,950,1,S,2,,50,2ms,x1,-,Re,"190,000","105,000",Kuat Drive Yards,,,,,,,,,,,,,,,,,,,,
D3,18,Glorious Chariot,5,5,C,ST,120,15,15,76,42,14,14,12,14,26,4,36,5,7,-3,16,4,,,N,,,100,1m,x2,x14,U,,,SoroSuub Corporation,,,,,,,,,,,,,,,,,,,,
L,152,Golan VIII Space Defense Platform,25,24,CS,SS,2500,20,300,570,130,2,18,14,10,70,8,97,6,10,-8,,1,,1100,S,100,,15000,6ms,x4,x12,L,"45,000,000","20,000,000",Golan Arms,,,,,,,,,,,,,,,,,,,,
S,90,Gozanti Cruiser,8,8,C,ST,180,15,15,79,48,14,14,14,16,29,4,39,5,7,-3,6,1,400,12,N,12,,75,1m,x3,x12,L,"150,000","50,000",Corellian Engineering Corporation,,,,,,,,,,,,,,,,,,,,
L,87,GPE-7300 Space Transport,7,6,C,ST,160,15,20,78,47,14,16,13,15,28,7,40,6,9,-2,16,4,1050,1,S,4,,45,1m,x2,-,L,165000,90000,Galactic Power Engineering,,,,,,,,,,,,,,,,,,,,
S,111,GR-75 Medium Transport,8,8,CF,CS,400,15,45,134,58,10,12,14,14,34,3,49,5,6,-5,12,2,650,6,N,40,,19000,6ms,x4,-,L,350000,125000,"Gallofree Yards, Inc",,,,,,,,,,,,,,,,,,,,
L,219,Grinning Liar,8,8,C,ST,180,15,40,78,46,20,16,15,20,28,5,38,0,3,-5,12,3,950,2,*,6,,90,2ms,x1,x10,U,,,X,,,,,,,,,,,,,,,,,,,,
C,78,GS-100 Salvage Ship,8,8,C,ST,190,15,,80,51,12,14,13,14,30,4,40,5,7,-4,12,2,400,3,N,20,,140,1m,x3,-,L,"190,000","95,000","Gallofree Yards, Inc",,,,,,,,,,,,,,,,,,,,
K,98,G-Type Light Shuttle,8,7,C,ST,100,15,30,74,39,18,16,12,16,24,7,36,6,9,0,12,3,950,1,S,3,,10,1w,-,-,Re,"200,000","95,000","Hoersch-Kessel Drive, Inc",,,,,,,,,,,,,,,,,,,,
K,99,G-Type Light Shuttle (Escape Shuttle Variant),8,7,C,ST,100,15,50,74,39,18,16,12,16,24,7,36,6,9,0,12,3,950,1,S,0,,2,4ms,x2,x10,Re,"230,000","105,000","Hoersch-Kessel Drive, Inc",,,,,,,,,,,,,,,,,,,,
F,205,Guardian-class Light Cruiser,11,10,C,ST,300,15,120,88,66,16,16,16,19,38,7,50,6,9,-1,,3,,8,S,6,,200,3ms,x1,x10,M,"800,000",,Sienar Fleet Systems,,,,,,,,,,,,,,,,,,,,
SV,62,Gymsnor-3 Freighter,7,6,C,ST,150,15,15,78,46,10,15,13,13,28,6,40,6,8,-4,12,3,800,1,S,4,,95,1m,x2,-,L,"38,000","19,000",CorelliSpace,,,,,,,,,,,,,,,,,,,,
F,114,H-60 Tempest Bomber,7,7,G,Sf,160,10,25,48,46,14,16,8,15,28,5,33,5,8,2,15,4,950,4,N,0,,0.11,2w,-,-,Re,"175,000","125,000",Slayn & Korpil,,,,,,,,,,,,,,,,,,,,
K,184,Hammerhead-class Cruiser,18,17,CF,CS,1000,20,125,136,63,15,15,12,14,36,6,53,6,8,-2,,3,,300,S,400,,4000,8ms,x2,-,M,"10,000,000",,Rendili Hyperworks,,,,,,,,,,,,,,,,,,,,
S,93,Hapan Battle Dragon,18,17,CC,CS,2280,20,150,257,104,14,14,15,17,57,6,79,6,8,-2,,2,,12191,S,500,,6000,1y,x2,x14,M,,,Olanji/Charubah,,,,,,,,,,,,,,,,,,,16 mass pulse tubes,
S,94,Hapes Nova Cruiser,17,16,CF,CS,1000,20,100,152,94,20,16,13,18,52,7,69,6,9,1,,4,,1790,S,600,,600,1m,x1.5,-,M,"20,000,000",,Hapes Consortium,,,,,,,,,,,,,,,,,,,,
S,94,"Hapes Nova Cruiser, upgraded",19,18,CF,CS,1000,20,100,152,94,20,16,13,18,52,7,69,6,9,1,,4,,1790,S,600,,600,1y,x1.5,-,M,"20,000,000",,Hapes Consortium,,,,,,,,,,,,,,,,,,,,
C,207,Hardcell-class Transport,10,9,CF,ST,800,25,100,138,66,10,18,14,14,38,8,55,6,10,-4,18,1,4000,190,S,1017,,12400,6ms,x1,x8,M,,,Techno Union,,,,,,,,,,,,,,,,,,,,
L,88,Helot-class Medium Transport,7,7,C,ST,180,15,0,80,50,12,14,14,15,30,4,40,5,7,-4,12,3,850,2,N,6,,100,3ms,x2,x10,L,"105,000","45,000",Cygnus Spaceworks,,,,,,,,,,,,,,,,,,,,
W,139,Heraklon-class Transport,7,7,CF,CS,540,15,133,133,57,10,14,11,11,33,4,48,5,7,-5,12,3,725,20,N,450,,75000,3ms,x3,,L,"1,250,000","600,000",Sadon Shipwrights,,,,,,,,,,,,,,,,,,,,
K,164,Herald-class Shuttle,11,10,C,ST,130,15,20,76,43,12,16,12,13,26,7,38,6,9,-3,12,3,600,2,S,10-May,,70,1m,x2,-,M,"120,000",,Republic Fleet Systems,,,,,,,,,,,,,,,,,,,,
S,115,Home One,19,18,CC,CS,1950,20,150,254,98,16,16,13,16,54,7,76,6,9,-1,,3,,5402,S,1200,,20000,2ys,x1,x9,U,,,Mon Calamari Shipyards,,,,,,,,,,,,,,,,,,,,
SV,125,Hornet-class Interceptor,12,11,G,Sf,50,10,35,41,32,24,14,6,18,21,6,28,6,8,8,16,4,1150,1,S,0,,0.08,5d,-,-,I,"75,000","32,000",Tenloss Syndicate,,,,,,,,,,,,,,,,,,,,
T,18,Hound's Tooth,12,12,C,ST,180,15,60,80,50,10,14,10,10,30,4,40,0,2,-10,16,4,1190,1,*,4,,20,6ms,x1.5,x6,U,,,Corellian Engineering Corporation,,,,,,,,,,,,,,,,,,,,
F,118,HWK-290,9,9,C,ST,160,15,,78,46,20,14,12,17,28,4,38,5,7,0,12,3,800,2,N,6,,75,6ms,x2,-,L,"135,000","55,000",Corellian Engineering Corporation,,,,,,,,,,,,,,,,,,,,
C,208,Hyena-class Bomber,7,5,H,Sf,70,5,,32,35,14,14,3,13,22,9,27,8,10,8,16,4,1150,0,E,0,,0,2d,-,-,Re,"23,000",,Baktoid Armor Workshop,,,,,,,,,,,,,,,,,,,,
K,111,Hyperspace Beacon,0,1,H,sat,50,5,,31,32,10,12,3,11,21,-2,16,0,1,-2,,0,,0,U,0,,0.005,-,-,-,Re,"20,000","11,000",X,,,,,,,,,,,,,,,,,,,,
L,143,I4 Ionizer Starfighter,11,10,G,Sf,120,10,15,46,42,24,16,7,19,26,7,33,6,9,8,16,5,1200,1,S,0,Y,0.07,1w,x1,-,M,,,Koensayr,,,,,,,,,,,,,,,,,,,,
R,132,Imperial Cargo Ship,12,11,CC,CS,980,20,10,253,96,12,16,12,13,53,7,75,6,9,-3,8,4,980,14857,S,16000,,502212,2ys,x2,-,M,,,Rothana Heavy Engineering,,,,,,,,,,,,,,,,,,,,
CR,183,Imperial I Star Destroyer,20,19,CC,CS,2100,20,150,256,102,14,20,16,18,56,9,78,6,11,-2,,3,,37085,S,9700,,36000,6ys,x2,x8,M,,,Kuat Drive Yards,,,,,,,,,,,,,,,,,,,,
S,96,Imperial II Star Destroyer,20,19,CC,CS,2100,20,125,256,103,14,20,16,18,56,9,78,6,11,-2,,3,,37085,S,9700,,36000,6ys,x2,x8,M,,,Kuat Drive Yards,,,,,,,,,,,,,,,,,,,,
R,133,Imperial II-class Frigate,17,16,CF,CS,1500,20,120,152,94,14,16,14,16,52,7,69,6,9,-2,,3,,19899,S,4400,,46350,6ys,x4,x12,M,,,X,,,,,,,,,,,,,,,,,,,,
GW,64,Imperial Landing Craft,13,11,C,ST,140,15,40,77,44,14,16,12,14,27,10,42,8,11,0,12,4,800,8,E,120,,130,6ms,x1,-,M,"290,000",,Sienar Fleet Systems,,,,,,,,,,,,,,,,,,,,
L,190,Imperious-class Star Destroyer,29,28,CC,CS,2500,20,140,258,107,14,24,15,17,58,11,80,6,13,-2,,2,,6700,S,3000,,13000,6ms,x.75,-,M,,,Mon Calamari Shipyards,,,,,,,,,,,,,,,,,Grav.,,,
L,150,Indomitable,23,21,CC,CS,1900,20,130,254,99,16,20,13,16,54,12,79,8,13,1,,3,,5200,E,1500,,18000,1y,x.75,x8,U,,,Mon Calamari Shipyards,,,,,,,,,,,,,,,,,,,,
K,184,Inexpugnable-class Tactical Command Vessel,19,18,CC,CS,2050,20,150,255,101,13,21,14,15,55,9,77,6,11,-3,,2,,4300,S,2000,,50000,2ys,x2,x10,M,"70,000,000",,Rendili Hyperworks,,,,,,,,,,,,,,,,,,,,
S,100,"Interdictor-class Heavy Cruiser, Immobilizer 418",17,16,CC,CS,1500,20,150,252,94,14,18,15,17,52,8,74,6,10,-2,,2,,2807,S,80,,5500,1.2ys,x2,x8,M,"52,240,000",,Sienar Fleet Systems,,,,,,,,,,,,,,,,,,,,
K,161,Interdictor-class Warship,16,15,CC,CS,1250,20,110,250,90,14,18,12,14,50,8,72,6,10,-2,,3,,5224,S,3600,,11000,2ys,x2,x8,M,,,Republic Sienar,,,,,,,,,,,,,,,,,,,,
C,209,Invisible Hand,20,18,CC,CS,1800,20,180,254,98,12,22,13,14,54,13,79,8,14,-1,12,4,1050,350,E,125000,,29000,1y,x1,x10,U,,,Free Dac Volunteers Engineering Corps,,,,,,,,,,,,,,,,,,,,
S,140,IPV-1 System Patrol Craft,13,13,CF,CS,660,15,165,136,63,20,14,12,17,36,4,51,5,7,0,,4,,12,N,10,,200,1m,-,-,M,,"3,000,000",Sienar Fleet Systems,,,,,,,,,,,,,,,,,,,,
R,156,IRD Starfighter,9,8,G,Sf,120,10,,46,42,18,16,7,16,26,7,33,6,9,5,12,3,850,1,S,0,,0.03,1d,-,-,M,"75,000",,Corporate Sector Authority,,,,,,,,,,,,,,,,,,,,
R,156,IRD-A Starfighter,10,9,G,Sf,120,10,,46,42,19,12,7,16,26,5,33,6,7,5,16,4,1150,1,S,0,,0.04,1d,-,-,M,"90,000",,Corporate Sector Authority,,,,,,,,,,,,,,,,,,,,
R,63,Ixiyen-class Fast Attack Craft,8,8,G,Sf,120,10,10,47,44,16,18,8,16,27,6,32,5,9,3,16,4,1050,1,N,0,,0.44,1m,x1,-,Re,"180,000","40,000",TranSGDalMeg,,,,,,,,,,,,,,,,,,,,
L,88,J-1 Shuttle,8,7,C,Sf,110,10,25,75,40,14,14,12,14,25,6,37,6,8,-2,12,4,850,2,S,20,,90,2ms,x2,-,Re,"220,000","100,000",X,,,,,,,,,,,,,,,,,,,,
K,205,Jehavey'ir Assault Ship,18,17,CF,CS,900,15,75,136,62,18,16,11,15,36,7,53,6,9,0,,3,,200,S,500,,3500,5ms,x2,x12,Re,"10,000,000","4,000,000",Neo-Crusader War Forge,,,,,,,,,,,,,,,,,,,,
S,103,J-Type Star Skiff,14,10,C,ST,200,15,50,79,48,22,18,14,20,29,16,49,12,16,8,16,4,1050,3,A,3,,10,1m,x.5,-,Re,"5,000,000",,Theed Palace,,,,,,,,,,,,,,,,,,,,
UR,52,Jumpmaster 5000 Scout Ship,8,7,C,ST,120,15,15,76,42,16,14,12,15,26,6,38,6,8,-1,16,4,1200,1,S,1,,50,4ms,x3,x15,Re,"110,000","40,000",Corellian Engineering Corporation,,,,,,,,,,,,,,,,,,,,
L,144,Jumpstar HPF Starfighter,9,8,G,Sf,100,10,15,44,39,22,18,7,18,24,8,31,6,10,7,16,5,1200,1,S,0,,0.07,1w,x1,-,M,"275,000","125,000",X,,,,,,,,,,,,,,,,,,,,
SV,126,Kaloth-style Battlecruiser,17,16,CF,CS,920,15,150,136,62,14,16,13,15,36,7,53,6,9,-2,,3,,1464,S,75,,6540,6ms,x2,x18,I,"1,300,000",,Kaloth,,,,,,,,,,,,,,,,,,,,
K,207,Kandosii-type Dreadnaught,20,19,CC,CS,2100,20,125,256,102,13,20,15,16,56,9,78,6,11,-3,,2,,10000,S,30000,,45000,5ys,x2,x9,Re,"200,000,000","120,000,000",X,,,,,,,,,,,,,,,,,,,,
C,171,Kappa-class Shuttle,11,9,C,ST,130,15,25,76,43,14,15,14,16,26,9,41,8,10,0,12,4,820,4,E,40,,50,1m,x2,x18,M,,,Republic Sienar,,,,,,,,,,,,,,,,,,,,
R,154,Keldabe-class Battleship,19,18,CC,CS,1700,20,150,253,96,14,14,13,15,53,6,75,6,8,-2,,3,,6000,S,1000,,20000,2ys,x2,x10,Re,,,Mandal Hypernautics,,,,,,,,,,,,,,,,,,,,
R,146,Kihraxz Light Fighter,9,8,G,Sf,90,10,10,44,38,22,14,6,17,24,6,31,6,8,7,16,4,1050,1,S,0,,0.13,2d,-,-,Re,"70,000","45,000",TranSGDalMeg,,,,,,,,,,,,,,,,,,,,
S,91,Krayt's Honor,11,9,C,ST,180,20,50,82,54,14,18,18,20,32,11,47,8,12,0,6,1,400,6,E,12,,65,1m,x3,x12,U,,,"Gallofree Yards, Inc",,,,,,,,,,,,,,,,,,,,
C,78,KR-TB Doomtreader,8,7,C,ST,180,15,30,80,50,12,14,13,14,30,6,42,6,8,-3,12,3,900,2,S,6,Y,100,1m,x2,x15,L,"350,000","70,000",Corellian Engineering Corporation,,,,,,,,,,,,,,,,,,,,
K,183,KT-400 Military Droid Carrier,6,5,C,ST,130,15,30,76,43,10,12,14,14,26,5,38,6,7,-4,12,3,800,8,S,400*,,40,2w,x2,-,R,"280,000","150,000",Republic Fleet Systems,,,,,,,,,,,,,,,,,,,,
S,105,"K-wing, BTL-S8",12,11,G,Sf,160,10,30,48,46,20,20,8,18,28,9,35,6,11,6,16,4,1000,4,S,0,,0.44,1d,-,-,M,"250,000","120,000",Koensayr,,,,,,,,,,,,,,,,,,,,
K,206,Kyramud-type Battleship,20,19,CC,CS,1250,20,90,250,90,15,16,14,16,50,7,72,6,9,-2,,2,,1200,S,2000,,8000,5ms,x2,x12,Re,"40,000,000","22,000,000",Basiliskan,,,,,,,,,,,,,,,,,,,,
S,106,Lambda-class Shuttle,12,11,C,ST,120,10,25,76,42,14,14,12,14,26,6,38,6,8,-2,12,4,850,6,S,20,,80,2ms,x1,x10,M,"240,000",,Sienar Fleet Systems,,,,,,,,,,,,,,,,,,,,
S,108,Lancer-class Frigate,14,14,CF,CS,800,15,125,138,66,14,18,12,14,38,6,53,5,9,-3,,3,,850,N,40,,500,1w,x2,x15,M,,,Kuat Drive Yards,,,,,,,,,,,,,,,,,,,,
W,246,"Last Resort, The",6,6,C,ST,100,15,10,74,39,10,12,12,12,24,3,34,5,6,-5,12,3,800,2,N,10,,40,4ms,x4,-,U,,,Amalgamated Hyperdyne,,,,,,,,,,,,,,,,,,,,
K,99,Lethisk-class Armed Freighter,10,9,C,ST,150,15,30,78,46,12,16,13,14,28,7,40,6,9,-3,12,3,900,3,S,8,,60,2ms,x2,x12,Re,"470,000","225,000",Arakyd Industries,,,,,,,,,,,,,,,,,,,,
S,102,Light Corvette,14,13,CF,ST,320,15,45,133,56,18,14,13,17,33,6,50,6,8,0,16,4,1050,58,S,20,,500,2ms,x2,x8,M,,,Rendili StarDrive,,,,,,,,,,,,,,,,,,,,
SV,62,Light Freighter,8,7,C,ST,120,15,30,76,42,18,14,12,16,26,6,38,6,8,0,16,4,1000,1,S,3,,100,2ms,x2,x12,L,"50,000","23,000",Kazellis Corporation,,,,,,,,,,,,,,,,,,,,
R,138,Lone Scout-A,5,4,G,Sf,110,10,,48,46,14,24,7,14,28,11,35,6,13,3,12,3,850,3,S,3,,150,6ms,x3,-,Re,"148,000","75,000",Sienar Fleet Systems,,,,,,,,,,,,,,,,,,,,
S,146,Lucrehulk-class Battleship,18,17,CC,CS,1800,20,150,254,98,13,18,13,14,54,8,76,6,10,-3,,2,,150-300,S,100000,,5000000,1.5ys,x2,x10,M,,,"Hoersch-Kessel Drive, Inc",,,,,,,,,,,,,,,,,,,,
S,147,Lucrehulk-class Core Ship,17,16,CC,CS,1500,20,130,252,94,13,18,13,14,52,8,74,6,10,-3,,2,,150-300,S,30000,,75000,1y,-,-,M,,,"Hoersch-Kessel Drive, Inc",,,,,,,,,,,,,,,,,,,,
S,147,Lucrehulk-class Droid Control Ship,18,17,CC,CS,1800,20,150,254,98,13,18,13,14,54,8,76,6,10,-3,,2,,150-300,S,150000,,4300000,1.5ys,x2,x10,M,,,"Hoersch-Kessel Drive, Inc",,,,,,,,,,,,,,,,,,,,
S,138,Lusankya,36,35,CS,SS,3000,20,350,574,138,10,20,17,17,74,9,101,6,11,-4,,1,,207381,S,172000,,250000,6ys,x1,x8,U,,,Kuat Drive Yards,,,,,,,,,,,,,,,Hconc B,,,,,
R,64,M12-L Kimogila Heavy Fighter,10,10,G,Sf,160,10,15,48,46,18,16,8,17,28,5,33,5,8,4,14,4,850,1,N,0,Y,0.11,2w,x2,-,Re,"175,000","125,000",MandalMotors,,,,,,,,,,,,,,,,,,,,
R,65,M22-T Krayt Gunship,12,11,G,Sf,160,10,20,48,46,16,18,8,16,28,8,35,6,10,4,12,3,800,2,S,0,,0.44,1w,x1,-,M,"350,000","210,000",MandalMotors,,,,,,,,,,,,,,,,,,,,
F,115,M3-A Scyk Fighter,7,7,G,Sf,130,10,20,47,44,18,12,8,17,27,3,32,5,6,4,15,4,950,1,N,0,,0.11,2w,x2,-,Re,"75,000","35,000",MandalMotors,,,,,,,,,,,,,,,,,,,,
F,120,Maka-Eekai L4000 Transport,9,9,C,ST,200,15,20,81,52,16,18,12,15,31,6,41,5,9,-2,12,2,800,4,N,9,,140,6ms,x2,x12,L,"180,000","85,000","Gallofree Yards, Inc",,,,,,,,,,,,,,,,,,,,
S,109,Mankvim-814 Interceptor,5,5,G,Sf,50,10,15,41,32,17,14,6,14,21,4,26,5,7,3,16,6,1450,1,N,0,,0,2h,-,-,L,"15,000","6,000",Feethan Ottraw Scalable Assemblies,,,,,,,,,,,,,,,,,,,,
S,110,Marauder Corvette,14,14,CF,CS,720,20,115,137,64,15,18,12,14,37,6,52,5,9,-3,,3,,177,N,80,,300,3ms,x2,x12,M,"2,400,000","1,450,000",Republic Sienar,,,,,,,,,,,,,,,,,,,,
L,89,MC-24A Light Shuttle,6,5,C,ST,100,15,20,74,39,16,14,12,15,24,6,36,6,8,-1,16,4,1030,2,S,6,,10,2d,-,-,L,"90,000","50,000",Mon Calamari Shipyards,,,,,,,,,,,,,,,,,,,,
S,114,"MC-80, Mon Calamari Cruiser",19,18,CC,CS,1800,20,150,254,98,16,16,13,16,54,7,76,6,9,-1,,3,,5402,S,1200,,20000,2ys,x1,x9,M,,,Mon Calamari Shipyards,,,,,,,,,,,,,,,,,,,,
C,171,MedStar-class Frigate,15,14,CF,CS,680,15,100,134,59,12,16,12,13,34,7,51,6,9,-3,,2,,440,S,655,,4800,3ys,x1,x10,L,"4,875,000","2,550,000",Kuat Drive Yards,,,,,,,,,,,,,,,,,,,,
S,156,Millennium Falcon,12,8,C,ST,180,15,45,76,42,18,16,14,18,26,15,46,12,15,6,16,6,1050,4,A,6,,100,2ms,x.5,x10,U,,,Corellian Engineering Corporation,,,,,,,,,,,,,,,,,,,,
K,182,Ministry-class Orbital Shuttle,6,5,C,ST,110,15,30,75,40,16,17,12,15,25,7,37,6,9,-1,12,3,750,2,S,36,,15,1w,-,-,L,"160,000","80,000",Zentine Dynamics Shipyards,,,,,,,,,,,,,,,,,,,,
R,134,Missile Boat,15,14,G,Sf,145,10,15,52,54,18,18,7,16,32,8,39,6,10,5,16,4,1150,1,S,0,,0.1,3d,x6,-,M,,,Cygnus Spaceworks,,,,,,,,,,,,,,,,,,,,
S,113,Miy'til Assault Bomber,11,10,G,Sf,120,10,30,47,44,18,16,8,17,27,7,34,6,9,5,16,4,1000,2,S,0,Y,0.04,2d,x2,x12,M,"150,000",,Olanji/Charubah,,,,,,,,,,,,,,,,,,,,
S,112,Miy'til Command Fighter,9,8,H,Sf,90,10,20,34,38,22,16,3,17,24,7,26,6,9,10,16,4,1150,1,S,0,Y,0.025,1w,x1.5,-,M,"210,000","85,000",Olanji/Charubah,,,,,,,,,,,,,,,,,,,,
S,112,Miy'til Fighter,9,8,H,Sf,90,10,20,34,38,22,16,3,17,24,7,26,6,9,10,16,4,1150,1,S,0,Y,0.025,1w,x1.5,-,M,"210,000","85,000",Olanji/Charubah,,,,,,,,,,,,,,,,,,,,
L,153,Mobile Spacedock 220,20,20,CS,SS,2100,20,100,568,126,4,16,14,11,68,5,93,5,8,-8,,1,,1000,N,2000,,600000,1y,x4,x12,L,"100,000,000","45,000,000",Rendili StarDrive,,,,,,,,,,,,,,,,,,,,
R,67,Mobquet Medium Transport,8,7,CF,CS,900,15,90,139,69,16,14,12,15,39,6,56,6,8,-1,,3,,2,S,24,,700,2ms,x2,-,L,"750,000","225,000",Mobquet,,,,,,,,,,,,,,,,,,,,
W,247,Moomo Williwaw,12,10,C,ST,130,15,20,76,43,14,16,12,14,26,10,41,8,11,0,12,3,870,4,E,6,,5,1w,-,-,U,,,Pelagian shipyards,,,,,,,L,,,,,,,,Con.,Prot.,,,,
C,83,Morningstar-A Assault Starfighter,8,8,G,Sf,70,10,20,42,35,14,12,6,13,22,3,27,5,6,2,12,3,950,1,N,0,,0.075,3d,x2,-,Re,"43,000","10,000",Kuat Systems Engineering,,,,,,,,,,,,,,,,,,,,
C,83,Morningstar-B Assault Starfighter,8,8,G,Sf,70,10,20,42,35,14,12,6,13,22,3,27,5,6,2,12,3,950,1,N,0,,0.075,3d,x2,-,Re,"43,000","10,000",Kuat Systems Engineering,,,,,,,,,,,,,,,,,,,,
C,83,Morningstar-C Assault Starfighter,8,8,G,Sf,70,10,20,42,35,14,12,6,13,22,3,27,5,6,2,12,3,950,1,N,0,,0.075,3d,x2,-,Re,"43,000","10,000",Kuat Systems Engineering,,,,,,,,,,,,,,,,,,,,
UR,54,MRX-BR Pacifier Combat/Contact Vessel,9,8,C,ST,60,15,30,72,34,14,16,11,13,22,7,34,6,9,-2,16,5,1200,2,S,3,,25,1y,x1,x8,L,"170,000","100,000",Sydon Vehicle Works,,,,,,,,,,,,,,,,,,,,
L,146,MT Dropship,15,14,C,ST,300,15,50,88,66,14,16,16,18,38,7,50,6,9,-2,12,4,850,15,S,200,,0.5,1w,-,-,M,"600,000","300,000",Corellian Engineering Corporation,,,,,,,,,,,,,,,,,,,,
UR,55,Mu-2 Shuttle,8,7,C,ST,120,15,25,76,42,14,14,12,14,26,6,38,6,8,-2,12,4,850,2,S,14,,100,6ms,x2,x20,Re,"160,000","110,000",Sienar Fleet Systems,,,,,,,,,,,,,,,,,,,,
S,64,Munificent-class Frigate,18,17,CC,CS,1080,20,165,249,88,12,20,12,13,49,9,71,6,11,-3,,3,,200,S,150000,,40000,2ys,x1,x10,Re,"57,000,000","40,000,000","Hoersch-Kessel Drive, Inc",,,,,,,,,,,,,,,,,,,,
L,219,Mynock,9,9,C,ST,200,15,50,80,50,12,14,16,17,30,4,40,0,2,-9,12,3,850,3,*,6,,70,3ms,x.5,x8,U,,,Cygnus Spaceworks,,,,,,,,,,,,,,,,,,,,
S,118,"N-1 Starfighter, Naboo",8,7,G,Sf,60,10,15,42,34,18,14,6,15,22,6,29,6,8,5,16,4,1100,1,S,0,Y,0.065,1w,x1,-,Re,,,Theed Palace,,,,,,,,,,,,,,,,,,,,
S,86,Nantex-class Territorial Defense Starfighter,7,6,H,Sf,100,10,,34,39,22,14,4,18,24,6,26,6,8,10,16,5,1250,1,S,0,,0.05,2d,-,-,M,,,Huppla Pasa Tisc Shipwrights Collective,,,,,,,,,,,,,,,,,,,,
S,119,Nebula-class Star Destroyer,26,24,CC,CS,2100,20,250,256,102,16,22,16,19,56,13,81,8,14,1,,3,,7039,E,1600,,15000,6ms,x1,x10,M,,,Republic Engineering Corporation,,,,,,,,,,,,,,,,,,,,
S,120,Nebulon-B Frigate,16,15,CF,CS,720,15,100,137,64,14,14,12,14,37,6,54,6,8,-2,,3,,920,S,75,,6000,2ys,x2,x12,M,,,Kuat Drive Yards,,,,,,,,,,,,,,,,,,,,
L,218,Nemesis-class Patrol Ship,6,5,C,ST,150,15,30,78,46,14,16,13,15,28,7,40,6,9,-2,12,3,830,4,S,10,,5,6ms,x2,-,L,"180,000","95,000",Corellian Engineering Corporation,,,,,,,,,,,,,,,,,,,,
L,187,Neutralizer-class Bomber,11,10,G,Sf,120,10,20,46,42,24,16,7,19,26,7,33,6,9,8,16,6,1500,1,S,0,,0.11,1w,x1,-,M,,,Sienar Fleet Systems,,,,,,,,,,,,,,,,,,,,
F,121,Neutron Star Bulk Cruiser,16,15,CC,CS,1400,20,100,251,92,14,14,11,13,51,6,73,6,8,-2,,1,,2050,S,200,,5000,1y,x2,x12,M,"5,000,000","2,500,000",Rendili StarDrive,,,,,,,,,,,,,,,,,,,,
F,115,NovaSword Space Superiority Fighter,7,6,G,Sf,110,10,15,46,42,22,16,7,18,26,7,33,6,9,7,16,4,1000,1,S,1,,0.11,4w,x2,-,Re,"145,000","65,000",Subpro Corporation,,,,,,,,,,,,,,,,,,,,
C,172,Nu-class Attack Shuttle,12,10,C,ST,110,15,30,75,40,18,14,14,18,25,9,40,8,10,2,12,4,850,2,E,30,,2,2d,x1,-,M,"85,000","50,000",Cygnus Spaceworks,,,,,,,,,,,,,,,,,,,,
L,187,Nune-class Imperial Shuttle,13,12,C,ST,150,15,30,78,46,16,16,13,16,28,7,40,6,9,-1,12,4,900,8,S,35,,250,3ms,x1,x10,M,,,X,,,,,,,,,,,,,,,,,,,,
SV,98,Orbital Service Shuttle,5,5,C,ST,130,15,,76,43,12,14,13,14,26,4,36,5,7,-4,12,3,650,1,N,6,,1,1d,-,-,L,"36,000","20,000",Gallofree Yards,,,,,,,,,,,,,,,,,,,,
S,77,Outbound Flight,22,21,CS,CS,9000,20,165,614,218,6,16,13,11,114,7,141,6,9,-6,,1,,5000,S,46000,,19000,10ys,x2,x18,U,,,Rendili StarDrive,,,,,,,,,,,,,,,,,,,,
S,121,P-38 Jenta variant,10,9,G,Sf,90,10,25,44,38,20,14,6,16,24,6,31,6,8,6,16,6,1200,1,S,0,,0.065,2d,x1,-,M,"120,000","50,000",Buuper Torsckil Abbey Devices,,,,,,,,,,,,,,,,,,,,
S,121,P-38 Starfighter,10,9,G,Sf,90,10,25,44,38,20,14,6,16,24,6,31,6,8,6,16,6,1200,1,S,0,,0.065,2d,x1,-,M,"120,000","50,000",Buuper Torsckil Abbey Devices,,,,,,,,,,,,,,,,,,,,
K,100,Pelegia Duplex Command Assault Gunship,12,10,C,ST,130,15,20,76,43,14,16,12,14,26,10,41,8,11,0,12,3,870,5,E,6,,10,1w,-,-,Re,"525,000","310,000",Palegian Shipyards,,,,,,,,,,,,,,,,,,,,
L,190,Pellaeon-class Star Destroyer,28,27,CC,CS,2350,20,140,257,105,14,22,14,16,57,10,79,6,12,-2,,3,,8450,S,2700,,11000,6ms,x.75,-,M,,,Kuat Drive Yards,,,,,,,,,,,,,,,,,,,,
S,99,Pellaeon-class Star Destroyer,28,27,CC,CS,2350,20,140,257,105,14,22,14,16,57,10,79,6,12,-2,,3,,8450,S,2700,,11000,6ms,x.75,-,M,,,Kuat Drive Yards,,,,,,,,,,,,,,,,,,,,
C,172,Pelta-class Medical Frigate,16,15,CF,CS,760,15,100,135,60,14,20,11,13,35,9,52,6,11,-2,,3,,900,S,300,,275,1m,x2,x16,M,,,Kuat Drive Yards,,,,,,,,,,,,,,,,,,,,
GW,65,Penumbra-class Attack Shuttle,9,8,C,ST,110,15,20,75,40,20,14,12,17,25,6,37,6,8,1,16,4,1175,3,S,10,,20,1m,-,-,Re,"250,000","135,000",Haor Chall,,,,,,,,,,,,,,,,,,,,
L,83,Phoebos-class Starfighter,8,7,H,Sf,90,10,30,34,38,24,16,3,18,24,7,26,6,9,11,16,6,1350,1,S,1,,0.08,1w,x.5,-,L,"190,000","100,000",Ubrikkian Industries,,,,,,,,,,,,,,,,,,,,
C,84,"Phoenix Hawk-class Light Pinnace, S40K",7,7,G,Sf,150,10,30,48,46,12,12,8,14,28,3,33,5,6,1,12,3,750,1 or 2,N,4,,20,2ms,x2,-,L,"112,000","22,500",Kuat Systems Engineering,,,,,,,,,,,,,,,,,,,,
R,66,Pinook Fighter,10,10,H,Sf,75,10,10,34,38,12,14,3,12,24,4,24,5,7,4,9,3,600,1,N,0,,0.025,1w,x1.5,-,M,"50,000","25,000",Joraan Drive Systems,,,,,,,,,,,,,,,,,,,,
K,101,Praetorian-class Frigate,18,17,CF,CS,850,15,100,135,61,10,20,12,12,35,9,52,6,11,-4,,2,,1470,S,2700,,10000,2ys,x2,x12,Re,"12,000,000","6,000,000",Rendili Hyperworks,,,,,,,,,,,,,,,,,,,,
L,186,Predator-class Starfighter,11,10,G,Sf,100,10,15,44,39,28,14,7,21,24,6,31,6,8,10,16,6,1500,1,S,0,,0.07,1w,x1,-,M,,,Sienar Fleet Systems,,,,,,,,,,,,,,,,,,,,
S,122,Predator-class Starfighter,11,10,G,Sf,100,10,15,44,39,28,14,7,21,24,6,31,6,8,10,16,6,1500,1,S,0,,0.07,1w,x1,-,M,,,Sienar Fleet Systems,,,,,,,,,,,,,,,,,,,,
UR,56,Preybird-class Starfighter,10,9,G,St,75,10,20,43,36,24,18,6,18,23,8,30,6,10,8,16,4,1150,2,S,0,,0.015,4d,x3,,"M, Ra","84,000","50,000",SoroSuub Corporation,,,,,,,,,,,,,,,,,,,,
C,208,Providence-class Destroyer,18,17,CC,CS,1800,20,180,254,98,12,22,13,14,54,10,76,6,12,-3,12,4,1050,22350,S,48247,,29000,1y,x1.5,x10,M,,,Free Dac Volunteers Engineering Corps,,,,,,,,,,,,,,,,,,,,
GI,70,Prowler-class Reconnaissance Vessel,12,10,G,Sf,150,10,,48,46,16,16,8,16,28,10,38,8,11,6,12,3,650,6,E,,,0.003,5ms,x1,x10,M,,,Republic Engineering Corporation,,,,,,,,,,,,,,,,,,,,
GI,68,PTV-2100 Incarcerator,16,15,CF,ST,1600,15,140,140,71,10,18,13,13,40,8,57,6,10,-4,,1,,250,S,1500,,5.5,1y,x3,x12,M,"4,500,000","1,800,000",Kuat Drive Yards,,,,,,,,,,,,,,,,,,,,
C,210,Punworcca 116-class Sloop,6,5,G,ST,60,10,20,42,34,14,16,5,12,22,7,29,6,9,3,16,4,1600,2,S,11,,0.24,1w,x1.5,-,L,"35,700",,Huppla Pasa Tisc Shipwrights Collective,,,,,,,,,,,,,,,,,,,,
C,79,Pursuer-class Enforcement Ship,7,7,C,ST,120,15,15,76,42,14,14,12,14,26,4,36,5,7,-3,16,4,1000,1,N,7,,35,5w,x1,x16,Re,"200,000","40,000",MandalMotors,,,,,,,,,,,,,,,,,,,,
K,100,Quartermaster-class Supply Carrier,6,5,C,ST,200,20,50,81,52,10,14,14,14,31,6,43,6,8,-4,12,2,350,2,S,10,,120,6ms,x3,x12,L,"300,000","110,000",Corellia StarDrive,,,,,,,,,,,,,,,,,,,,
L,84,R-28 Starfighter,10,9,G,Sf,150,10,30,48,46,20,16,8,18,28,7,35,6,9,6,16,4,1050,1,S,0,,0.05,5d,x2,-,Re,"120,000","55,000",Incom,,,,,,,,,,,,,,,,,,,,
F,115,R-41 Starchaser,9,8,G,Sf,100,10,20,44,38,20,18,6,16,24,8,31,6,10,6,16,4,1050,1,S,1,,0.11,2w,x2,-,Re,"115,000","55,000","Hoersch-Kessel Drive, Inc",,,,,,,,,,,,,,,,,,,,
F,115,R-42 Starchaser,9,8,G,Sf,100,10,20,44,38,20,18,6,16,24,8,31,6,10,6,16,4,1050km/h,1,S,1,,0.11,2w,x2,-,Re,"115,000","55,000","Hoersch-Kessel Drive, Inc",,,,,,,,,,,,,,,,,,,,
R,66,Razor-class Starfighter,9,8,G,Sf,90,10,15,44,38,20,16,6,16,24,7,31,6,9,6,16,4,1050,1,S,1,,0.11,1w,x2,-,L,"75,000","45,000",Starypan/SunHui Systems,,,,,,,,,,,,,,,,,,,,
L,144,RC-2 Twilight Scoutship,10,9,G,Sf,130,10,10,46,43,22,16,7,18,26,7,33,6,9,7,16,5,1200,1,S,2,,0.1,2w,x1,-,M,"275,000","125,000",Twilight incorporates,,,,,,,,,,,,,,,,,,,,
S,124,Rebel Assault Frigate Mk I,16,16,CC,CS,1500,20,150,252,94,16,16,13,16,52,5,72,5,8,-2,,3,,5000,N,100,,7500,1.5ys,x2,x12,M,,,Rendili StarDrive,,,,,,,,,,,,,,,,,,,,
S,125,Rebel Assault Frigate Mk II,17,17,CC,CS,1500,20,150,252,94,16,16,13,16,52,5,72,5,8,-2,,3,,4820,N,100,,7500,1.5ys,x2,x12,M,,,Rendili StarDrive,,,,,,,,,,,,,,,,,,,,
S,123,"Rebel Assault Frigate, Prototype",18,17,CC,CS,1440,20,115,254,98,12,18,13,14,54,8,76,6,10,-3,,1,,1459,S,3000,,9000,2ys,x2,x18,M,"40,250,000",,Prototype,,,,,,,,,,,,,,,,,,,,
S,72,Recusant-class Light Destroyer,19,18,CC,CS,1290,20,150,250,91,14,18,12,14,50,8,72,6,10,-2,,3,,300,S,40000,,10000,2ys,x2,x12,M,,,Free Dac Volunteers Engineering Corps,,,,,,,,,,,,,,,,,,,,
R,148,Rihkxyrk Assault Fighter,11,10,G,Sf,150,10,25,48,46,14,16,8,15,28,7,35,6,9,3,12,3,750,1,S,0,,0.08,1d,-,-,Re,"240,000","150,000",TranSGDalMeg,,,,,,,,,,,,,,,,,,,,
F,205,Rogue Shadow,12,8,C,ST,110,15,40,75,40,22,20,11,17,25,17,45,12,17,8,16,6,1350,1,A,8,,15,1y,x.5,-,U,,,Sienar Fleet Systems,,,,,,,,,,,,,,,,,,,,
UR,151,Royal Fortune Light Clipper,15,14,CF,CS,700,15,80,128,46,14,14,11,13,28,6,45,6,8,-2,,3,,480,S,200,,8000,1y,x2,x12,M,,,Tof,,,,,,,,,,,,,,,,,,,,
R,134,Royal Guard Starfighter,12,8,H,Sf,90,10,15,34,38,24,16,3,18,24,15,34,12,15,17,16,5,1250,1,A,0,,0.075,2d,-,-,M,,,Sienar Fleet Systems,,,,,,,,,,,,,,,,,,,,
K,95,S-100 Stinger-class Starfighter,9,8,H,Sf,90,5,30,34,38,24,14,3,18,24,6,26,6,8,11,16,4,1150,1,S,0,,0.03,1m,x2,-,Re,"150,000","90,000",Corellian Engineering Corporation,,,,,,,,,,,,,,,,,,,,
K,181,S-250 Chela-class Starfighter,10,9,G,Sf,120,10,20,46,42,20,14,7,17,26,6,33,6,8,6,16,4,1200,1,S,0,,0.03,1w,x2,-,M,"420,000",,Corellian Engineering Corporation,,,,,,,,,,,,,,,,,,,,
C,220,Sabaoth Destroyer,12,11,CF,CS,900,15,130,136,62,14,16,12,14,36,7,53,6,9,-2,,2,,250,S,3000,,3000,1y,x3,x18,M,"3,500,000","1,500,000",X,,,,,,,,,,,,,,,,,,,,
GI,70,Sabaoth Frigate Spy Ship,11,9,CF,CS,650,15,105,134,58,16,18,11,14,34,11,54,8,12,1,,3,,100,E,450,,1.2,1y,x3,x18,M,,,X,,,,,,,,,,,,,,,,,,,,
C,220,Sabaoth Starfighter,7,5,H,Sf,75,5,,33,36,22,16,3,17,23,10,28,8,11,12,16,4,1110,1,E,0,,0.05,1w,-,-,M,"170,000","72,000",X,,,,,,,,,,,,,,,,,,,,
L,147,Sabertooth-class Assault & Rescue Vessel,17,16,CF,CS,780,15,100,135,60,18,14,11,15,35,6,52,6,8,0,,3,,800,S,300,,3000,1y,x1,x10,M,,,X,,,,,,,,,,,,,,,,,,,,
S,79,"Scarab-class Starfighter, Droid",6,5,H,Sf,80,10,20,33,36,14,14,3,13,23,6,25,6,8,6,12,3,900,0,S,0,,0,2d,-,-,Re,"17,000",,Haor Chall,,,,,,,,,,,,,,,,,,,,
L,147,Scarlet Star,10,9,C,ST,120,15,30,76,42,18,14,15,19,26,6,38,6,8,0,12,4,850,3,S,6,,150,2ms,x2,x12,U,,,Corellian Engineering Corporation,,,,,,,,,,,,,,,,,,,,
S,127,Scimitar Assault Bomber,11,10,G,Sf,150,10,25,48,46,19,18,8,17,28,8,35,6,10,5,16,4,1150,2,S,0,,0.02,2d,-,-,M,"120,000","45,000",Sienar Fleet Systems,,,,,,,,,,,,,,,,,,,,
UR,56,SCT Scout Craft,12,12,CF,ST,660,15,60,134,58,10,18,11,11,34,6,49,5,9,-5,12,3,820,2,N,8,,275,3ms,x3,x12,L,"12,000,000","720,000",Mesens Corporation,,,,,,,,,,,,,,,,,,,,
C,85,Scurrg H-6 Prototype Bomber,10,9,C,Sf,140,15,25,77,44,16,16,12,15,27,7,39,6,9,-1,16,4,1000,3,S,3,,10,2w,x2,x10,M,"150,000",,"Nubia Star Drives, Incorporated",,,,,,,,,,,,,,,,,,,,
L,149,Scythe-class Battle Cruiser,22,21,CC,CS,1900,20,130,254,99,16,20,13,16,54,9,76,6,11,-1,,3,,5200,S,1500,,18000,1y,x.75,x8,M,,,Mon Calamari Shipyards,,,,,,,,,,,,,,,,,,,,
C,80,Seltiss-2 Caravel,9,9,C,ST,200,15,30,81,52,10,14,14,14,31,4,41,5,7,-5,12,3,850,4,N,12,,50,1m,-,-,L,"800,000","160,000",Ubrikkian Industries,,,,,,,,,,,,,,,,,,,,
C,81,Seltiss-2 Caravel Cabin,3,3,H,ST,50,5,10,31,32,12,14,3,12,21,4,21,5,7,4,12,3,700,1,N,6,,5,2w,-,-,L,"400,000","80,000",Ubrikkian Industries,,,,,,,,,,,,,,,,,,,,
F,206,Sentinel-class Shuttle,10,9,C,Sf,120,15,50,76,42,20,14,12,17,26,6,38,6,8,1,16,5,1000,6,S,54,,80,1m,x1,x10,Re,"240,000",,Sienar Fleet Systems,,,,,,,,,,,,,,,,,,,,
K,204,Shaadlar-type Troopship,15,14,CF,ST,750,15,150,135,60,15,18,12,14,35,8,52,6,10,-2,,2,,30,S,800,,2500,1y,x2,-,Re,"3,000,000","1,200,000",Neo-Crusader War Forge,,,,,,,,,,,,,,,,,,,,
D3,41,Shackles of Nizon,8,8,C,ST,130,15,45,81,53,10,12,14,14,31,3,41,5,6,-5,12,2,,,N,,,19000,6ms,x4,-,U,,,"Gallofree Yards, Inc",,,,,,,,,,,,,,,,,,,,
L,148,ShaShore-class Frigate,18,17,CF,CS,900,15,100,136,62,16,18,11,14,36,8,53,6,10,-1,,3,,1200,S,250,,7000,2ys,x1,x10,M,,,Mon Calamari Shipyards,,,,,,,,,,,,,,,,,,,,
C,210,Sheathipede-class Shuttle,4,4,C,ST,140,15,35,77,45,14,19,6,8,27,6,37,5,9,-3,12,4,880,1,N,6,,1,1w,-,-,L,,,Haor Chall,,,,,,,,,,,,,,,,,,,,
L,188,Sigma-class Long-Range Shuttle,12,11,C,ST,130,15,45,76,43,18,16,12,16,26,7,38,6,9,0,12,4,950,1,S,10,,200,3ms,x1,x8,M,,,Sienar Fleet Systems,,,,,,,,,,,,,,,,,,,,
K,164,Sith Interceptor,5,5,H,Sf,50,10,,31,32,22,14,3,17,21,4,21,5,7,9,16,5,1250,1,N,0,,0.04,1d,-,-,M,,,Sith Empire,,,,,,,,,,,,,,,,,,,,
S,130,Sith Interceptor,5,5,H,Sf,50,10,,31,32,22,14,3,17,21,4,21,5,7,9,16,5,1250,1,N,0,,0.04,1d,-,-,M,,,Sith Empire,,,,,,,,,,,,,,,,,,,,
UR,57,SkyBlind Recon Ship,8,8,C,ST,180,15,45,80,50,10,10,13,13,30,2,40,5,5,-5,12,3,650,1,N,7,,50,6ms,x3,x20,L,"650,000","400,000",Loronar Corporation,,,,,,,,,,,,,,,,,,,,
S,85,Slave I,17,17,C,ST,150,15,45,78,46,14,14,13,15,28,4,38,0,2,-8,16,4,1000,1,*,6,,70,1m,x1,x8,U,,,Kuat Drive Yards,,,,,,,,,,,,,,,,,,Y,,
C,204,Soulless One,14,12,G,Sf,160,10,25,48,47,19,14,10,19,28,9,38,8,10,7,16,4,1100,1,E,0,,0.16,-,x2,x5,U,,,Feethan Ottraw Scalable Assemblies,,,,,,,,,,,,,,,,,,,,
DX,25,Spacetrooper Squad,15,15,H,Sf,60,5,,32,34,12,18,12,21,22,6,22,0,4,-1,,2,,1,*,0,,0.02,1d,-,-,U,,,,,,,,,,,,,,,,,,,,,,,
L,152,Spinward-class Tender,15,14,CF,CS,400,15,60,132,55,10,12,10,10,32,5,49,6,7,-4,,3,,1000,S,500,,15000,1y,x2,x10,M,,,X,,,,,,,,,,,,,,,,,,,,
S,116,"Star Defender, Mon Calamari",45,44,CS,SS,2700,20,400,572,134,12,24,19,20,72,11,99,6,13,-3,,2,,68174,S,212500,,200000,6ys,x1,x12,M,,,Mon Calamari Shipyards,,,,,,,,,,,,,,,Hconc B,,,,,
S,133,Star Galleon-class Frigate,16,16,CF,CS,1120,15,100,141,72,14,18,13,15,41,6,56,5,9,-3,,2,,150,N,300,,100000,6ms,x2,x15,M,,,Kuat Drive Yards,,,,,,,,,,,,,,,,,,,,
K,96,Star Saber XC-01,10,9,G,Sf,120,10,35,46,42,18,12,7,16,26,5,33,6,7,5,16,5,1280,1,S,0,,0.045,1w,x2,-,Re,"145,000","75,000",Republic Fleet Systems,,,,,,,,,,,,,,,,,,,,
UR,58,Star Seeder-class Colony Ship,9,9,CF,CS,400,15,45,132,55,14,12,10,12,32,3,47,5,6,-3,12,2,800,169,N,800,,7500,5ys,x3,x15,L,"3,000,000","1,000,000",Kuat Drive Yards,,,,,,,,,,,,,,,,,,,,
SV,129,StarForge Station,20,20,CS,SS,3000,20,200,574,138,10,18,16,16,74,6,99,5,9,-5,,1,,1850,N,10000,,25000000,unl.,x6,-,U,,,X,,,,,,,,,,,,,,,,,,,,
S,134,Starviper (Latest Model),12,11,G,Sf,140,15,20,47,44,20,14,7,17,27,6,34,6,8,6,16,5,1200,1,S,0,,1,2ms,x1,x10,M,,,MandalMotors,,,,,,,,,,,,,,,,,,,,
S,52,Stock Battlecruiser,1,1,CC,,2000,20,,255,100,12,18,16,17,55,6,75,5,9,-4,,2,,20000,N,5000,,20000,2ys,,,,,,X,,,,,,,,,,,,,,,,,,,,
S,52,Stock Bomber,1,1,G,,150,10,,48,46,18,14,8,17,28,4,33,5,7,4,16,3,,2,N,0,,0.05,2d,,,,,,X,,,,,,,,,,,,,,,,,,,,
S,52,Stock Corvette,1,1,CF,,600,15,,134,58,18,16,12,16,34,5,49,5,8,-1,,3,,50,N,200,,2000,1y,,,,,,X,,,,,,,,,,,,,,,,,,,,
S,52,Stock Cruiser,1,1,CC,,1500,20,,252,94,14,16,14,16,52,5,72,5,8,-3,,2,,5000,N,1000,,10000,2ys,,,,,,X,,,,,,,,,,,,,,,,,,,,
S,52,Stock Frigate,1,1,CF,,800,15,,135,60,16,16,12,15,35,5,50,5,8,-2,,2,,1000,N,200,,5000,1y,,,,,,X,,,,,,,,,,,,,,,,,,,,
S,52,Stock Gunship,1,1,C,,150,15,,80,50,14,16,12,14,30,5,40,5,8,-3,12,3,,4,N,4,,5,1m,,,,,,X,,,,,,,,,,,,,,,,,,,,
S,52,Stock Heavy Freighter,1,1,CF,,400,15,,133,56,10,12,12,12,33,3,48,5,6,-5,,1,,10,N,10,,100,6ms,,,,,,X,,,,,,,,,,,,,,,,,,,,
S,52,Stock Interceptor,1,1,H,,90,10,,34,38,24,14,3,18,24,4,24,5,7,10,16,6,,1,N,0,,0.05,2d,,,,,,X,,,,,,,,,,,,,,,,,,,,
S,52,Stock Light fighter,1,1,H,,60,10,,32,34,20,14,3,16,22,4,22,5,7,8,16,5,,2,N,0,,0.05,2d,,,,,,X,,,,,,,,,,,,,,,,,,,,
S,52,Stock Light freighter,1,1,C,,120,15,,76,42,10,12,12,12,26,3,36,5,6,-5,12,2,,1,N,6,,100,2ms,,,,,,X,,,,,,,,,,,,,,,,,,,,
S,52,Stock Shuttle,1,1,C,,120,15,,78,46,14,14,12,14,28,4,38,5,7,-3,12,3,,4,N,8,,20,1m,,,,,,X,,,,,,,,,,,,,,,,,,,,
S,52,Stock Superiority fighter,1,1,G,,120,10,,46,42,22,14,7,18,26,4,31,5,7,6,16,4,,1,N,0,,0.05,2d,,,,,,X,,,,,,,,,,,,,,,,,,,,
S,135,Strike-class Medium Cruiser,18,17,CF,CS,1200,20,125,151,92,12,16,14,15,51,7,68,6,9,-3,,3,,2112,S,1020,,9000,2ys,x2,x12,M,,"17,000,000",Loronar Corporation,,,,,,,,,,,,,,,,,,,,
C,210,Subjugator-class Heavy Cruiser,20,19,CC,CS,1750,20,130,253,97,14,20,13,15,53,9,75,6,11,-2,,2,,550,S,60000,,13000,2ys,x2,x12,M,,,Free Dac Volunteers Engineering Corps,,,,,,,,,,,,,,,,,,,,
R,147,Supa Fighter,9,8,G,Sf,120,10,10,46,42,24,16,7,19,26,7,33,6,9,8,12,3,850,1,S,0,,0.08,1d,-,-,Re,"110,000","70,000",Joraan Drive Systems,,,,,,,,,,,,,,,,,,,,
S,136,Super Star Destroyer,40,39,CS,SS,3000,20,400,574,138,10,20,18,18,74,9,101,6,11,-4,,1,,280734,S,38000,,250000,6ys,x2,x10,M,,,Fondor Shipyards,,,,,,,,,,,,,,,,,,,,
K,221,Supremacy-class Attack Ship,17,16,CC,CS,1500,20,120,252,94,12,20,13,14,52,9,74,6,11,-3,,2,,1800,S,3000,,6000,2ys,x2,x8,M,"16,000,000",,Koros Spaceworks,,,,,,,,,,,,,,,,,,,,
UR,154,Surfeik Cruiser,16,15,CC,CS,1300,20,110,250,91,14,16,12,14,50,7,72,6,9,-2,,2,,500,S,1500,,10000,1y,x2,x15,M,,,Arized,,,,,,,,,,,,,,,,,,,,
F,209,Tartan-class Patrol Cruiser,15,14,CF,CS,870,15,90,135,61,16,18,11,14,35,8,52,6,10,-1,,4,,70,S,50,,1000,1y,x2,x12,M,"4,200,000",,Damorian Manufacturing Corporation,,,,,,,,,,,,,,,,,,,,
K,205,Teroch-type Fast Attack Gunship,10,9,C,ST,110,10,25,75,40,19,15,12,16,25,6,37,6,8,0,14,3,1000,8,S,6,,8,3w,x2,-,Re,"400,000","200,000",Neo-Crusader War Forge,,,,,,,,,,,,,,,,,,,,
D9,27,Theta-class Shuttle,12,10,C,ST,120,10,20,76,42,16,14,12,15,26,9,41,8,10,1,12,3,825,5,E,16,,50,2ms,x1,x15,Re,"1,000,000",,Cygnus Spaceworks,,,,,,,,,,,,,,,,,,,,
S,141,Theta-class Shuttle,11,10,C,ST,120,10,20,76,42,16,14,12,15,26,6,38,6,8,-1,12,3,825,5,S,16,,50,2ms,x1,x15,Re,"1,000,000",,Cygnus Spaceworks,,,,,,,,,,,,,,,,,,,,
D3,41,Tibanna Gas Hauler,2,2,C,ST,150,15,20,78,46,10,12,13,13,28,3,38,5,6,-5,,2,,,N,,,150,-,-,-,Re,"90,000","50,000",Ubrikkian Industries,,,,,,,,,,,,,,,,,,,,
R,135,TIE Aggressor,10,9,H,Sf,90,10,,34,38,22,16,3,17,24,7,26,6,9,10,16,5,1100,2,S,0,,0.075,2d,-,-,M,,,Sienar Fleet Systems,,,,,,,,,,,,,,,,,,,,
R,136,TIE Experimental M2,8,7,H,Sf,60,10,,32,34,18,14,3,15,22,6,24,6,8,8,16,5,1200,0,S,0,,0.065,-,-,-,M,,,Sienar Fleet Systems,,,,,,,,,,,,,,,,,,,,
R,136,TIE Experimental M3,9,8,H,Sf,90,10,,34,38,24,16,3,18,24,7,26,6,9,11,16,5,1250,0,S,0,,0.075,-,-,-,M,,,Sienar Fleet Systems,,,,,,,,,,,,,,,,,,,,
CR,179,TIE Fighter,7,6,H,Sf,60,10,,32,34,18,14,3,15,22,6,24,6,8,8,16,5,1200,1,S,0,,0.065,2d,-,-,M,"60,000","25,000",Sienar Fleet Systems,,,,,,,,,,,,,,,,,,,,
S,142,TIE Fighter,7,6,H,Sf,60,10,,32,34,18,14,3,15,22,6,24,6,8,8,16,5,1200,1,S,0,,0.065,2d,-,-,M,"60,000","25,000",Sienar Fleet Systems,,,,,,,,,,,,,,,,,,,,
CR,180,TIE Interceptor,8,7,H,Sf,90,10,,34,38,24,16,5,20,24,7,26,6,9,11,16,5,1250,1,S,0,,0.075,2d,-,-,M,"120,000","50,000",Sienar Fleet Systems,,,,,,,,,,,,,,,,,,,,
S,143,TIE Interceptor,8,7,H,Sf,90,10,,34,38,24,16,5,20,24,7,26,6,9,11,16,5,1250,1,S,0,,0.075,2d,-,-,M,"120,000","50,000",Sienar Fleet Systems,,,,,,,,,,,,,,,,,,,,
W,205,"TIE Interceptor, 181st Squadron",16,16,H,Sf,90,10,,34,38,24,16,3,18,24,5,24,0,3,5,16,5,1250,1,*,0,,0.075,2d,-,-,U,,,Sienar Fleet Systems,,,,,,,,,,,,,,,,,,,,
R,136,TIE Oppressor,11,9,H,Sf,100,10,30,33,36,24,16,3,18,23,10,28,8,11,13,16,5,1450,1,E,0,,0.05,2d,-,-,M,,,Sienar Fleet Systems,,,,,,,,,,,,,,,,,,,,
R,137,TIE Phantom,13,12,H,Sf,75,10,20,34,38,26,18,3,19,24,8,26,6,10,12,16,5,1490,2,S,0,,0.09,3d,x6,-,M,,,Sienar Fleet Systems,,,,,,,,,,,,,,,,,,,,
F,204,TIE Prototype,6,5,H,Sf,60,10,10,32,34,18,14,4,16,22,6,24,6,8,8,16,5,1200,1,S,0,,0.065,2w,x2,-,M,"130,000","75,000",Prototype,,,,,,,,,,,,,,,,,,,,
R,138,TIE Scout,5,4,G,Sf,110,10,,48,46,14,24,7,14,28,11,35,6,13,3,12,3,850,1,S,0,,25,6ms,x3,-,Re,"148,000","75,000",Sienar Fleet Systems,,,,,,,,,,,,,,,,,,,,
R,138,TIE Shuttle,4,3,G,ST,120,10,,46,42,14,14,5,12,26,6,33,6,8,3,12,3,650,1,S,2,,1,2d,-,-,M,"120,000","45,000",Sienar Fleet Systems,,,,,,,,,,,,,,,,,,,,
S,145,TIE/D Defender,11,9,H,Sf,100,10,30,34,39,28,16,4,21,24,10,29,8,11,15,16,8,1680,1,E,0,,0.065,2d,x2,-,M,"200,000","80,000",Sienar Fleet Systems,,,,,,,,,,,,,,,,,,,,
S,142,TIE/sa Bomber,9,8,G,Sf,130,10,,46,43,16,17,7,15,26,7,33,6,9,4,12,3,850,1,S,0,,15,2d,-,-,M,"150,000","60,000",Sienar Fleet Systems,,,,,,,,,,,,,,,,,,,,
S,144,TIE/x1 Advanced x1,9,7,H,Sf,90,10,20,34,38,16,16,3,14,24,10,29,8,11,9,16,5,1200,1,E,0,,0.15,5d,x4,-,M,"160,000","65,000",Sienar Fleet Systems,,,,,,,,,,,,,,,,,,,,
W,141,TL-1800 Transport,6,6,C,ST,120,15,30,76,42,16,14,12,15,26,4,36,5,7,-2,12,2,800,2-Jan,N,7,,110,3ms,x2,x10,L,"41,500","15,000",Suwantek Systems,,,,,,,,,,,,,,,,,,,,
F,116,Toscan 8-Q Multipurpose Fighter,8,8,G,Sf,120,10,10,47,44,16,14,7,15,27,4,32,5,7,3,14,4,850,2,N,3,,0.44,1m,x1,-,L,"180,000","40,000",Shobquix Yards,,,,,,,,,,,,,,,,,,,,
L,151,Tri-Scythe-class Battle Cruiser,18,17,CF,CS,920,15,100,136,62,14,16,11,13,36,7,53,6,9,-2,,3,,1400,S,250,,7000,2ys,x1,x10,M,,,Mon Calamari Shipyards,,,,,,,,,,,,,,,,,,,,
R,114,T-Wing Interceptor,8,7,H,Sf,70,10,10,32,35,24,16,3,18,22,7,24,6,9,11,16,6,1300,1,S,0,,0.05,1w,x1,-,M,"150,000","60,000","Hoersch-Kessel Drive, Inc",,,,,,,,,,,,,,,,,,,,
S,104,TYE-wing,5,4,H,Sf,60,10,,30,30,16,12,3,14,20,5,22,6,7,7,16,5,1200,1,S,0,,0.065,2d,-,-,M,"60,000","25,000",Ugly,,,,,,,,,,,,,,,,,,,,
S,149,V-19 Torrent Starfighter,9,8,G,Sf,100,10,,44,39,24,16,7,19,24,7,31,6,9,8,16,4,1150,1,S,0,,0.07,1w,x1,-,M,"135,000","70,000",Slayn & Korpil,,,,,,,,,,,,,,,,,,,,
S,59,"V-19 Torrent Starfighter, Advanced",12,11,G,Sf,125,10,30,47,45,33,20,7,23,27,9,34,6,11,12,16,4,1150,1,S,0,,0.07,1w,x1,-,M,,,Slayn & Korpil,,,,,,,,,,,,,,,,,,,,
R,147,Vaksai,11,10,G,Sf,120,10,15,46,42,24,18,7,19,26,8,33,6,10,8,16,4,1250,1,S,0,,0.095,2d,-,-,Re,"185,000","115,000",TranSGDalMeg,,,,,,,,,,,,,,,,,,,,
UR,58,Vaya-class Scout Ship,9,9,C,ST,90,15,35,74,38,22,16,11,17,24,5,34,5,8,1,12,3,700,3,N,4,,60,1m,x4,x15,L,"45,000","15,000","Hoersch-Kessel Drive, Inc.",,,,,,,,,,,,,,,,,,,,
T,89,VCX-350 Light Freighter,10,9,C,ST,150,15,30,78,46,14,14,13,15,28,6,40,6,8,-2,12,3,980,3,S,8,,250,6ms,x1,x11,L,"300,000","175,000",Corellian Engineering Corporation,,,,,,,,,,,,,,,,,,,,
F,209,Venator-class Star Destroyer,19,18,CC,CS,1590,20,200,252,95,12,16,13,14,52,7,74,6,9,-3,,2,,7400,S,2000,,20000,2ys,x1,x12,M,"50,000,000",,Kuat Drive Yards,,,,,,,,,,,,,,,,,,,,
S,148,Venator-class Star Destroyer,19,18,CC,CS,1590,20,200,252,95,12,16,13,14,52,7,74,6,9,-3,,2,,7400,S,2000,,20000,2ys,x1,x12,M,,"50,000,000",Kuat Drive Yards,,,,,,,,,,,,,,,,,,,,
F,210,Victory I-class Star Destroyer,19,18,CC,CS,1200,20,150,250,90,14,18,12,14,50,8,72,6,10,-2,,1,,5200,S,2040,,8100,4ys,x1,x15,M,"50,000,000",,Rendili StarDrive,,,,,,,,,,,,,,,,,,,,
D5,7,Victory II-class Star Destroyer,18,17,CC,CS,1380,20,150,251,92,14,18,12,14,51,8,73,6,10,-2,,2,,5200,S,2040,,6107,4ys,x1,x15,M,,,Rendili StarDrive,,,,,,,,,,,,,,,,,,,,
S,98,Victory II-class Star Destroyer,18,17,CC,CS,1380,20,150,251,92,14,18,12,14,51,8,73,6,10,-2,,2,,5200,S,2040,,6107,4ys,x1,x15,M,,,Rendili StarDrive,,,,,,,,,,,,,,,,,,,,
S,101,Vindicator-class Heavy Cruiser,18,17,CC,CS,1800,20,150,254,98,14,18,15,17,54,8,76,6,10,-2,,2,,2551,S,400,,8000,1.5ys,x2,x8,M,"43,000,000",,Sienar Fleet Systems,,,,,,,,,,,,,,,,,,,,
S,134,"Virago, The",12,11,G,Sf,140,15,40,47,44,24,14,7,19,27,6,34,6,8,8,16,5,1200,1,S,0,,1,2ms,x1,x10,U,,,MandalMotors,,,,,,,,,,,,,,,,,,,,
K,221,"Visionary, The, Goto's Yacht",13,11,C,ST,120,15,30,76,42,12,12,12,13,26,8,41,8,9,-1,12,2,800,14,E,12,,50,6ms,x1,-,U,,,Eleaor Propulsion,,,,,,,,,,,,,,,,,,,,
R,139,VT-49 Decimator,12,11,C,ST,215,15,40,77,45,18,18,15,19,27,8,39,6,10,0,16,6,975,4-Feb,S,6,,80,1m,x1,x12,M,,,X,,,,,,,,,,,,,,,,,,,,
CR,181,"Vulture-class Droid Starfighter, Droid",7,5,H,Sf,60,10,,32,34,16,14,3,14,22,9,27,8,10,9,16,4,1180,0,E,0,,0,2d,-,-,Re,"19,000",,Baktoid Armor Workshop,,,,,,,,,,,,,,,,,,,,
S,78,"Vulture-class Droid Starfighter, Droid",7,5,H,Sf,60,10,,32,34,16,14,3,14,22,9,27,8,10,9,16,4,1180,0,E,0,,0,2d,-,-,Re,"19,000",,Baktoid Armor Workshop,,,,,,,,,,,,,,,,,,,,
D5,7,"V-wing, Alpha-3 Nimbus",8,7,H,Sf,80,10,15,33,36,18,14,3,15,23,6,25,6,8,8,16,6,1450,1,S,0,Y,0.06,15h,x1,-,M,"102,500","45,000",Kuat Systems Engineering,,,,,,,,,,,,,,,,,,,,
S,150,"V-wing, Alpha-3 Nimbus",8,7,H,Sf,80,10,15,33,36,18,14,3,15,23,6,25,6,8,8,16,6,1450,1,S,0,Y,0.06,15h,x1,-,M,"102,500","45,000",Kuat Systems Engineering,,,,,,,,,,,,,,,,,,,,
GW,66,Wayfarer-class Medium Transport,5,5,C,ST,140,15,20,77,44,10,14,12,12,27,4,37,5,7,-5,12,2,800,10,N,6,,220,3ms,x2,x14,L,"140,000","50,000",Kuat Systems Engineering,,,,,,,,,,,,,,,,,,,,
L,205,"Wheel, The",19,18,CS,SS,2900,20,250,573,136,0,20,15,10,73,9,100,6,11,-9,,0,,10000,S,15000,,150000,5ys,-,-,U,,,X,,,,,,,,,,,,,,,,,,,,
R,115,X4 Gunship,10,9,C,ST,150,15,20,78,46,14,14,13,15,28,6,40,6,8,-2,12,3,800,8,S,6,,20,1m,x3,x15,L,"200,000","75,000",Incom,,,,,,,,,,,,,,,,,,,,
L,85,X-83 Twintail Starfighter,12,11,G,Sf,170,10,30,49,48,24,16,8,20,29,7,36,6,9,8,16,5,1200,1,S,0,Y,0.07,6d,x1,-,Re,"160,000","75,000",Incom,,,,,,,,,,,,,,,,,,,,
S,151,X-83 Twintail Starfighter,12,11,G,Sf,170,10,30,49,48,24,16,8,20,29,7,36,6,9,8,16,5,1200,1,S,0,Y,0.07,6d,x1,-,L,"160,000","75,000",Incom,,,,,,,,,,,,,,,,,,,,
SV,67,"X-ceptor, Ugly",9,8,G,Sf,140,10,,48,46,18,14,6,15,28,6,35,6,8,5,16,4,1050,1,S,0,Y,0.11,1w,x1.5,-,M,,"60,000",Ugly,,,,,,,,,,,,,,,,,,,,
W,121,XQ2 Platform,16,16,CS,SS,2500,20,200,570,131,0,18,15,10,70,6,95,5,9,-10,0,0,,1598,N,10000,,100000,5ys,-,-,Re,"30,000,000","18,000,000",Bengel Shipbuilders,,,,,,,,,,,,,,,,,,,,
SV,67,X-TIE,9,9,G,Sf,140,10,,48,46,18,14,6,15,28,4,33,5,7,4,16,4,1050,1,N,0,Y,0.11,1w,x1.5,-,M,,"60,000",Ugly,,,,,,,,,,,,,,,,,,,,
CR,178,X-Wing,10,9,G,Sf,120,10,15,46,42,22,16,7,18,26,7,33,6,9,7,16,4,1050,1,S,0,Y,0.11,1w,x1,-,M,"150,000","65,000",Incom,,,,,,,,,,,,,,,,,,,,
S,152,X-Wing,10,9,G,Sf,120,10,15,46,42,22,16,7,18,26,7,33,6,9,7,16,4,1050,1,S,0,Y,0.11,1w,x1,-,M,"150,000","65,000",Incom,,,,,,,,,,,,,,,,,,,,
S,153,"X-Wing, T-65BR",9,8,G,Sf,120,10,15,46,42,22,14,7,18,26,6,33,6,8,7,16,5,1150,1,S,0,Y,0.11,1w,x1,-,M,"150,000","95,000",Incom,,,,,,,,,,,,,,,,,,,,
S,152,"X-Wing, T-65XJ3",11,10,G,Sf,150,10,30,48,46,26,18,8,21,28,8,35,6,10,9,16,4,1100,1,S,0,Y,0.035,3d,x1,-,M,"315,000","220,000",Incom,,,,,,,,,,,,,,,,,,,,
SV,127,Y164 Thalassian Slave Transport,13,12,CF,ST,600,15,100,134,58,12,13,11,12,34,5,51,6,7,-3,,1,,15,S,12400,,10,1m,x2,x25,I,"245,000","122,000",X,,,,,,,,,,,,,,,,,,,,
R,139,YE-4 Gunship,15,13,G,ST,145,15,25,49,48,16,18,14,22,29,11,39,8,12,6,12,4,900,8,E,6,,40,6ms,x4,-,M,,,Sienar Fleet Systems,,,,,,,,,,,,,,,,,,,,
R,68,YKL-37R Nova Courier,8,8,C,ST,180,15,60,77,44,16,14,15,18,27,4,37,5,7,-2,12,3,800,4,N,6,,60,6ms,x2,x12,L,"150,000","45,000",Gallofree Yards,,,,,,,,,,,,,,,,,,,,
R,113,YM-2800 Limpet Ship,7,6,C,ST,120,15,10,76,42,10,14,12,12,26,6,38,6,8,-4,6,2,800,6,S,6,,125,2ms,-,-,Re,"150,000","70,000",Corellian Engineering Corporation,,,,,,,,,,,,,,,,,,,,
SV,64,YT-1250,7,7,C,ST,120,15,30,77,44,10,14,14,14,27,4,37,5,7,-5,12,2,800,2,N,5,,80,3ms,x2,x16,L,"120,000","30,000",Corellian Engineering Corporation,,,,,,,,,,,,,,,,,,,,
CR,182,YT-1300 Transport,6,6,C,ST,120,15,,76,42,10,14,12,12,26,4,36,5,7,-5,12,2,800,2,N,6,,100,2ms,x2,x12,L,"100,000","25,000",Corellian Engineering Corporation,,,,,,,,,,,,,,,,,,,,
S,154,YT-1300 Transport,6,6,C,ST,120,15,,76,42,10,14,12,12,26,4,36,5,7,-5,12,2,800,2,N,6,,100,2ms,x2,x12,L,"100,000","25,000",Corellian Engineering Corporation,,,,,,,,,,,,,,,,,,,,
SV,64,YT-1930,8,7,C,ST,150,15,15,78,46,12,12,13,14,28,5,40,6,7,-3,12,3,950,2,S,6,,200,4ms,x2,x12,L,"135,000","62,000",Corellian Engineering Corporation,,,,,,,,,,,,,,,,,,,,
S,154,YT-2000,8,8,C,ST,180,15,30,77,44,16,14,15,18,27,4,37,5,7,-2,12,3,800,4,N,7,,115,3ms,x2,x12,L,"150,000","45,000",Corellian Engineering Corporation,,,,,,,,,,,,,,,,,,,,
S,155,YT-2400,10,10,C,ST,120,15,30,76,42,18,14,15,19,26,4,36,5,7,-1,12,3,800,3,N,6,,150,2ms,x2,x12,L,"130,000","32,000",Corellian Engineering Corporation,,,,,,,,,,,,,,,,,,,,
GW,65,YU-410 Light Freighter,7,7,C,ST,120,15,20,76,42,10,14,12,12,26,4,36,5,7,-5,12,2,800,4,N,12,,250,2ms,x2,x12,L,"110,000","30,000",Corellian Engineering Corporation,,,,,,,,,,,,,,,,,,,,
R,69,YV-545 Light Freighter,9,9,C,ST,90,15,30,77,44,20,16,14,19,27,5,37,5,8,0,12,2,800,2,N,5,,80,3ms,x2,x15,L,"120,000","35,000",Corellian Engineering Corporation,,,,,,,,,,,,,,,,,,,,
CR,178,Y-Wing,10,9,G,Sf,120,10,25,46,42,18,16,7,16,26,7,33,6,9,5,16,4,1000,2,S,0,Y,0.11,1w,x1,-,M,"135,000","60,000",Koensayr,,,,,,,,,,,,,,,,,,,,
S,159,"Y-Wing, BTL-A4 LP ""Longprobe""",10,9,G,Sf,120,10,25,46,42,18,20,7,16,26,9,33,6,11,5,16,4,1000,1,S,0,Y,0.22,1m,x1,x12,M,"185,000","90,000",Koensayr,,,,,,,,,,,,,,,,,,,,
C,173,"Y-Wing, BTL-S1",10,9,G,Sf,110,10,10,45,40,16,16,3,11,25,7,32,6,9,4,12,3,950,2,S,0,Y,0.13,1w,x2,-,M,"127,000","63,000",Koensayr,,,,,,,,,,,,,,,,,,,,
S,158,"Y-Wing, BTL-S3",10,9,G,Sf,120,10,25,46,42,18,16,7,16,26,7,33,6,9,5,16,4,1000,2,S,0,Y,0.11,1w,x1,-,M,"135,000","60,000",Koensayr,,,,,,,,,,,,,,,,,,,,
S,159,"Y-Wing, BTL-S3 ""Courier""",8,7,G,Sf,120,10,25,46,42,16,16,7,15,26,7,33,6,9,4,16,4,1000,2,S,3,Y,0.8,1m,x1,x12,M,"210,000","90,000",Koensayr,,,,,,,,,,,,,,,,,,,,
L,89,YX-1980 Space Transport,8,8,C,ST,150,15,40,78,46,20,16,13,18,28,5,38,5,8,0,12,3,950,2,N,6,,110,2ms,x2,x10,L,"150,000","80,000",X,,,,,,,,,,,,,,,,,,,,
L,91,YZ-2500 Heavy Transport,12,11,CF,ST,700,15,60,134,59,14,18,11,13,34,8,51,6,10,-2,12,2,800,10,S,16,,60000,2ms,x2,x10,Re,"1,500,000","590,000",Corellian Engineering Corporation,,,,,,,,,,,,,,,,,,,,
W,126,YZ-775 Transport,12,12,C,ST,650,15,90,84,59,14,16,11,13,34,5,44,5,8,-3,12,3,950,8,N,14,,400,6ms,x1,x12,L,"500,000","350,000",Corellian Engineering Corporation,,,,,,,,,,,,,,,,,,,,
W,132,Z-10 Seeker,5,5,G,ST,90,10,,44,38,22,14,6,17,24,4,29,5,7,6,16,3,1000,1,N,2,,0.045,2ms,x1,x12,L,"86,000","69,000",Starfeld Industries,,,,,,,,,,,,,,,,,,,,
D4,23,Z-95 Headhunter,9,8,G,Sf,120,10,15,46,42,14,12,7,14,26,5,33,6,7,3,16,4,1150,1,S,0,,0.085,1d,-,-,Re,"80,000","45,000",Incom,,,,,,,,,,,,,,,,,,,,
S,160,Z-95 Headhunter,9,8,G,Sf,120,10,15,46,42,14,12,7,14,26,5,33,6,7,3,16,4,1150,1,S,0,,0.085,1d,-,-,Re,"80,000","45,000",Incom,,,,,,,,,,,,,,,,,,,,
F,117,Zebra Starfighter,6,6,G,Sf,120,10,15,47,44,12,12,7,13,27,3,32,5,6,1,16,4,1000,1,N,0,,0.065,1d,-,-,Re,"80,000","30,000",Hyrotii Corporation,,,,,,,,,,,,,,,,,,,,
